title,video_id,channel_title,category_id,published_at
Your Ken can kiss my Barbie - The Big Bang Theory,5YqUil6PjWc,Shelly&Penny,24,2019-11-16T17:44:12Z
ğŸ”¥ğŸ˜à®µà®¿à®œà®¯à¯ à®¨à®²à¯à®² Entertainer à®†à®©à®¾ à®¨à®²à¯à®² à®¨à®Ÿà®¿à®•à®°à®¾ ? | Baradwaj Rangan opens up | Vishan Talks,2C1td-PuO5E,Vishan Talks,24,2025-02-12T14:04:01Z
The iconic coffee date sceneâ¤ï¸| Thadam Movie Scene | Arun Vijay | Tanya Hope | KTV,O4-tCYJO8rg,KTV,24,2025-01-30T14:30:22Z
Sundar Pichai Reveals The Big Changes AI Will Bring In The Next 2-4 Years,Db6ZRMSbUfg,Business Today,25,2025-02-11T15:30:08Z
Magizh Thirumeni Interview with Sudhir Srinivasan | Vidaamuyarchi | Ajith Kumar | Trisha | Arjun,5r4zMOANm-M,Cinema Express,24,2025-02-10T11:53:10Z
Deep Dive into LLMs like ChatGPT,7xTGNNLPyMI,Andrej Karpathy,28,2025-02-05T18:23:47Z
Nvidia CUDA in 100 Seconds,pPStdjuYzSI,Fireship,28,2024-03-07T18:46:21Z
"India's AI Mission: 18,000 GPUs Ready for Rollout, Says IT Minister Ashwini Vaishnaw | India Today",fZ1iIk3-JNo,India Today,25,2025-02-09T14:02:42Z
Karpathy Vibe Coding Full Tutorial with Cursor (Zero Coding),dan3QfN3CDU,Riley Brown,28,2025-02-06T02:23:56Z
Guangzhou autonomous driving bus experience: My first time in a self-driving car,uyDRQPZKrls,CN Walking,2,2023-04-06T03:00:31Z
"We Tried 999 Apps in 2024, Here Are The Best..",pdyq7ZJ_Uu0,TechWiser,28,2025-02-08T07:00:30Z
Breakdown (1997) ORIGINAL TRAILER [HD],zZd2mlXFJWQ,Unseen Trailers,1,2021-03-16T21:34:11Z
Skoda Kylaq India's First Customer - Mr Arun Kumar,z2MjPcKGZwc,Saisha Skoda Jaipur,22,2025-02-03T07:31:05Z
Vidaamuyarchi Movie Review By Baradwaj Rangan | Ajith Kumar | Trisha | Arjun | Magizh Thirumeni,yLeSTz51-ZE,Galatta Plus,24,2025-02-06T12:16:34Z
Mike's Legendary Job Interview | Suits,cjNsZchA1QQ,Seriessync,22,2025-01-03T15:13:17Z
What If Nikhil Kamath Became FINANCE Minister? (3 Changes India Needs),68oetwteQzA,Best Of TRS | English,22,2025-02-01T05:30:03Z
Vidaamuyarchi BTS of Terrain & Toughness | Ajith Kumar| Trisha| Arjun| Magizh Thirumeni| Anirudh,EpHdFZHYjcg,Sun TV,24,2025-02-03T12:11:00Z
"Ep #21 | WTF is Longevity? | Nikhil ft. Nithin Kamath, Bryan Johnson, Prashanth, Jitendra & Seema",fEUoJSTYtyc,Nikhil Kamath,22,2025-02-02T05:30:01Z
How much tax is the middle class paying? | Faye D'Souza,24AL-TeZa00,Faye D'Souza,25,2025-01-31T13:22:06Z
Budget 2025: Highlights,WloeKxNq0hM,Markets by Zerodha,25,2025-02-01T16:49:30Z
"India Budget 2025 Highlights: Tax Cuts, Infrastructure Boost & AI | Vantage with Palki Sharma | N18L",5EvT3Yge6S8,Firstpost,25,2025-02-01T16:46:30Z
"""12 à®²à®Ÿà¯à®šà®¤à¯à®¤à¯à®•à¯à®•à¯ Tax à®‡à®²à¯à®²..ğŸ¤à®†à®©à®¾ GST-à®² à®ªà¯†à®°à®¿à®¯ TWIST à®‡à®°à¯à®•à¯à®•à¯!""ğŸ˜¶ à®ªà®¿à®©à¯à®©à®£à®¿ à®‰à®Ÿà¯ˆà®¤à¯à®¤ PR à®šà¯à®¨à¯à®¤à®°à¯ à®ªà¯‡à®Ÿà¯à®Ÿà®¿",vOdCL_pO1FE,Behindwoods Air ,22,2025-02-01T15:06:06Z
"Mrs. | Official Trailer | A ZEE5 Original Film | Sanya Malhotra, Nishant Dahiya | Premieres 7th Feb",jmhV-jRotEk,JioStudios,24,2025-01-25T13:17:54Z
How Concert LED Wristbands Work | WSJ Tech Behind,GCsmZA08oD8,The Wall Street Journal,25,2023-06-01T14:00:10Z
DeepSeek - End of US Dominance in AI?,hD28KE9pBBs,Investment Insights Tamil,27,2025-02-01T03:10:40Z
ğŸšŠ Bangalore to Chennai ğŸ” Rameswaram Cafe @Hobby_Explorer #Chennai #Bengaluru,hWCyPQlZeUY,Hobby Explorer Tamil,22,2025-01-26T13:01:30Z
Inside Chennai's Food Business ft.Sandesh Reddy,qkzCgO86HzE,Mercy John,24,2025-01-26T06:00:35Z
Silk Smitha - Do What You Love #genai #ai #silksmitha #musicvideo,UxqZkYT6AxA,Multiverse Matrix,22,2025-01-07T11:20:00Z
"WTF is Longevity? | Nikhil explores w/ Nithin, Seema, Bryan, Jitendra & Prashanth | Ep #21 Trailer",rN0_nOAKNjw,Nikhil Kamath,22,2025-01-30T05:30:10Z
Young Turks Reloaded | From Selling Tickets To Building Experiences: The BookMyShow Story,kNQ2iYXNxsc,CNBC-TV18,25,2025-01-19T16:30:06Z
Do we really want to live that long? Nikhil Kamath explores Longevity | Ep #21 Teaser,wZ_-eXtSPWs,Nikhil Kamath,22,2025-01-29T05:30:03Z
Why DeepSeek is such a big deal? | DeepSeek's impact on the future of AI,FTdNCmpxc-U,codebasics,27,2025-01-28T14:18:38Z
"My Minimal 2BHK Indian Home Tour | Aesthetic, easy to maintain & organized",RZ986zJzf9U,The Slow Sanctuary,22,2025-01-17T16:07:55Z
Skoda Kylaq - Full Drive Review | Tamil Car Review | MotoWagon.,auslBmgdyvQ,MotoWagon,2,2025-01-25T05:30:02Z
Skoda Kylaq Drive Review | Kushaqâ€™s Fun Made More Affordable,kqyjFqg7HiQ,ZigWheels,2,2025-01-25T14:30:24Z
Bad Girl - Teaser | Anurag Kashyap | Vetri Maaran | Varsha Bharath | Amit Trivedi | Anjali Sivaraman,y87Jp5lPF-s,Grass Root Film Company,24,2025-01-26T04:30:56Z
EXCLUSIVE: Magizh Thirumeni interview on Vidaamuyarchi | Ajith Kumar | Trisha | Arjun,HrzL1Ex-l58,The Hindu,25,2025-01-23T18:56:46Z
Introduction to Operator & Agents,CSE77wAdDLg,OpenAI,28,2025-01-23T19:02:35Z
I Paid 200 $ for the first ChatGPT Agent. Does It Actually Work? (OpenAI Operator),9oED8PXJuKg,The AI Advantage,28,2025-01-23T23:23:19Z
Skoda Kylaq Review â€“ Driverâ€™s Choice! | PowerDrift,frOWYuSC1WI,PowerDrift,2,2025-01-25T05:30:09Z
How Chinaâ€™s New AI Model DeepSeek Is Threatening U.S. Dominance,WEBiebbeNCA,CNBC,25,2025-01-24T17:00:42Z
Sudhir Srinivasan's The Late Review: Kadhalikka Neramillai | Nithya Menen | Ravi Mohan | Kiruthiga,0r5yYzFnDO0,Cinema Express,24,2025-01-15T11:30:01Z
Nerpada pesu | à®µà®¿à®œà®¯à®¿à®©à¯ à®ªà®°à®¨à¯à®¤à¯‚à®°à¯ à®ªà®¯à®£à®®à¯... à®…à®²à®šà®¿ à®†à®°à®¾à®¯à¯à®¨à¯à®¤à¯ à®ªà¯‡à®šà®¿à®¯ à®®à®£à®¿ | Vijay in parandur,ODimDv5s_nc,PuthiyathalaimuraiTV,25,2025-01-20T15:29:37Z
Agentic AI Roadmap 2025 | Roadmap to Learn Agentic AI in 2025 | Learn AI Agents in 6 Months!,j6jNrY3-614,Analytics Vidhya,27,2024-12-11T12:30:06Z
Building Advanced AI Agents Application With No Code Using Langflow,EIvbi99G9RE,Krish Naik,27,2024-12-18T03:33:02Z
AI Agents Tutorial For Beginners,EUey9L9sgzE,codebasics,27,2024-12-13T13:30:19Z
à®®à¯à®Ÿà®•à¯à®•à®ªà¯à®ªà®Ÿà¯à®Ÿ  à®°à¯‚100 à®•à¯‹à®Ÿà®¿ à®šà¯Šà®¤à¯à®¤à¯...à®µà¯€à®´à¯à®¤à¯à®¤à®¿à®¯ ED ... Ex. Minister à®µà¯ˆà®¤à¯à®¤à®¿à®²à®¿à®™à¯à®•à®®à¯ à®µà¯€à®´à¯à®¨à¯à®¤ à®ªà®¿à®©à¯à®©à®£à®¿,A7XpXC-BIjU,Polimer News,25,2025-01-17T05:58:04Z
What is AI Agent in Artificial Intelligence? | AI Agent Explained,2-JV8UxegWE,codebasics,27,2024-09-20T13:30:24Z
NVIDIA's AI Agents Just Replaced Your Entire Team,0M24NrUZ8aU,Creator Magic,22,2025-01-10T14:51:26Z
"Satya Nadella on the Future of SaaS, How 2025 is the year of Agents, Advice for Indian Engineers",GuqAUv4UKXo,Varun Mayya,28,2025-01-13T12:30:04Z
"Amy offended Ross, Monica and Phoebe in quick succession.ğŸ¤£ | Friends | #shorts #funny #viralvideo",UWO-ebV0IoQ,Jennifer's Rainforest,1,2024-11-19T16:00:33Z
à®à®²à¯à®²à®¾ Time à®…à®¨à¯à®¤ à®®à®¾à®¤à®¿à®°à®¿ à®ªà®Ÿà®®à¯ à®ªà®£à¯à®£ à®®à¯à®Ÿà®¿à®¯à®¾à®¤à¯ | Kiccha Sudeep | Naan EE,B2XyAskw7u4,IndiaGlitz Tamil,24,2022-12-29T15:40:00Z
Monica: Watch me freak out Chandler!ğŸ˜ˆâ€¦| Friends | #shorts #funny #viralvideo,4z_6MuN3JTQ,Jennifer's Rainforest,1,2024-11-18T16:00:03Z
"Monicaâ€™s Porsche can be driven by anyone,except Rachel #friends #movie #shorts #video",dE6wkjAHhGQ,Jacob Evie,1,2025-01-13T00:44:58Z
Making of JAILER 2 Announcement Teaser | Superstar Rajinikanth | Sun Pictures | Nelson | Anirudh,x5iqOL0z_5w,Sun TV,24,2025-01-17T05:30:43Z
"#Vidaamuyarchi Confusion, #Jailer2 Hype, Suriya on FireğŸ”¥FF News Ep 4 | â€ª@RaunaqMangottill",UufcUfDP87I,Fully Filmy Tamil,1,2025-01-17T15:06:30Z
Vidaamuyarchi Trailer | Ajith Kumar | Trisha | Arjun | Magizh Thirumeni | Anirudh | Subaskaran| Lyca,hsoGpoDxyKg,Sun TV,24,2025-01-16T13:10:01Z
"Why Is #KadhalikkaNeramillai Different? | FullyFilmy | Nithya Menen, Jayam Ravi",aaLiwbiE9gM,Fully Filmy Tamil,1,2025-01-15T16:14:48Z
17 Most Hyped Tamil Films of 2025 @RaunaqMangottill,hUcUorP2CD4,Fully Filmy Tamil,1,2025-01-06T06:30:17Z
Kadhalikka Neramillai Review By Baradwaj Rangan | Ravi Mohan | Nithya Menen | Kiruthiga Udhyanidhi,8odQN1tXhYw,Galatta Plus,24,2025-01-14T10:59:07Z
JAILER 2 - Announcement Teaser | Superstar Rajinikanth | Sun Pictures | Nelson | Anirudh,aaNq2NL6D4A,Sun TV,24,2025-01-14T12:29:00Z
Nithya Menen Interview With Baradwaj Rangan | Kadhalikka Neramillai | Conversation,rXcgTZbgZyA,Galatta Plus,24,2025-01-13T04:37:22Z
The Birthplace of Mahindraâ€™s Electric SUVs: Where Passion Meets Precision,eB9eBTvntEw,Mahindra Electric Origin SUVs,2,2025-01-08T06:40:00Z
à®ªà®¾à®°à¯à®¤à¯à®¤à®¤à¯à®®à¯ à®ªà®Ÿà®¿à®¤à¯à®¤à®¤à¯à®®à¯ (Ep. 11) - Bear market?,qy6KHQcLQjc,Investment Insights Tamil,27,2025-01-12T12:00:58Z
illusion doodle tutorial ğŸ˜» Day 59 #shorts #doodlewithnadia #art #doodle,N1tDkCA1V_g,Doodle with Nadia ,22,2024-08-20T11:07:40Z
Easy & Aesthetic âœ¨DOODLESâœ¨ to do when youâ€™re boredâ€¦.#shorts #fyp #art #viral #doodleart #doodles,7CA6I4nmoho,artboutique,26,2022-05-23T17:57:06Z
BEST EGGLESS CHOCO LAVA CAKE RECIPE | 4 INGREDIENTS ONLYğŸ˜± #shorts,FTD10vXKO2g,Bake With Shivesh,24,2022-09-18T11:00:08Z
*YUMMIEST* COOKER BROWNIE RECIPE #shorts,4thN0VOJSi4,Bake With Shivesh,24,2024-08-05T11:00:05Z
The Best Fudgy Brownies,QNdfExfDqDs,Tasty,26,2023-03-09T18:00:16Z
ğŸ˜± Fearless drivers watching TikTok? ğŸ˜³ #HobbyExplorer #Malaysia #KualaLumpur Malaysia Murugan ğŸ™ğŸ¼,AuC9utFCurw,Hobby Explorer Tamil,22,2025-01-07T04:47:58Z
People with The Prime Minister Shri Narendra Modi x Nikhil Kamath | Episode 6 | By WTF,yTMYtcQLLaw,Nikhil Kamath,22,2025-01-10T08:28:29Z
Skoda Kushaq 1.0L TSI AT Long Term Review! Is it still Worth it in 2025? |  Owner's Perspective,dnJnliXytDc,The Drivers Hub,2,2025-01-05T16:30:10Z
The art and science of happiness | Arthur Brooks | TEDxKC,G7Pf2Xb5PdA,TEDx Talks,29,2022-09-15T15:43:34Z
"Why Amazon, Microsoft, Google And Meta Are Investing In Nuclear Power",58zHJL1dKtw,CNBC,25,2024-12-28T17:00:08Z
FIRST MOVE | EP 05 withÂ â€ª@NirmalPillaiOriginal & Rohan JoshiÂ | Comedy Dating Show,7xh92VtNUOc,Abishek Kumar,23,2025-01-05T07:00:23Z
GET RICH With AI Doing THIS ğŸ¤¯,VssWdnVtJCY,Ishan Sharma,24,2024-11-27T12:00:41Z
Matthew McConaughey's gets  Reviewd by his students,-AhyT-4SNVU,Danny's Filmhub,24,2024-12-25T01:26:12Z
Who Celebrates New Year First. Kiribati vs American Samoa,p06hol0iD18,GeoGlobeTales,24,2024-12-30T15:09:12Z
Indian dancers ğŸ‡®ğŸ‡³ Have too much energy,BD03oRavUYs,Madara Dusal,22,2024-01-19T20:46:11Z
Charlize Theron makes breakfast for her kids,uQvOjN_vD-c,Outstanding Screenplays,1,2024-12-22T16:34:34Z
Her Story Made Me Rethink Everything About My Show | Varun Duggi #shorts,2Qk7P_MYGco,Varun Duggi,24,2024-12-19T17:03:51Z
Resignation or Retirement | Ashwinâ€™s First Interview after Retirement | Gobinath C,5bqBre9wOLA,Gobinath,22,2024-12-25T04:30:06Z
Discussing Social Media ft. Abishek and Nirmal,HGBITHK3cTI,Mercy John,22,2024-01-13T10:30:04Z
Genz vs Millenial : Beyond the Stereotypes ft. @thatpotatoface5,SdBPKFDqSfc,Mercy John,24,2024-08-24T10:30:08Z
à®ªà¯à®·à¯à®ªà®°à®¾à®œà¯ Voice à®•à¯à®•à¯ à®šà¯Šà®¨à¯à®¤à®•à¯à®•à®¾à®°à®°à¯ #pushpa #pushpa2 #alluarjun,0_nNbJ9kDZo,IRON SCREENS,24,2024-12-08T20:01:46Z
Christmasà®•à¯ New York à®•à®¿à®³à®®à¯à®ªà®¿à®¯à®¾à®šà¯à®šà¯| Flight Travel #christmasinnewyork,V_FzgLhNegE,Way2go à®¤à®®à®¿à®´à¯,19,2024-12-22T04:31:13Z
How We Made 85 LAKHS With MicroSaaS - My Honest Journey,B-kFRT-LRdc,Sanjeev NC - Tamil,22,2024-12-23T12:59:57Z
From a fan's POV | Final day of Gukesh winning World Championship 2024,ng5ruwl2TdU,ChessBase India,17,2024-12-19T16:23:41Z
Culpa Tuya - Official Trailer 2 | Prime Video,QT5j0Uf-rdM,Prime Video,24,2024-12-07T23:02:44Z
"Karate Kid: Legends - Official Trailer (2025) Jackie Chan, Ben Wang, Ralph Macchio",RFkkYVxyJYI,IGN,24,2024-12-17T14:27:47Z
How He Achieved Financial Freedom at 43?,b2rhc-bJZTc,Wint Wealth,24,2024-12-19T13:00:49Z
"Love Language | Romantic Tamil Short Film |Ft. Magalakshmi, Melvin | JFW Originals | #romance #love",KKVCPiz0uYo,JFW - Just for Women,24,2024-12-19T09:00:23Z
Nikhil Kamath x Kumar Birla | People by WTF Ep #5,e6FqC4pWy8I,Nikhil Kamath,22,2024-12-20T06:54:53Z
"Voice of Mufasa in Tamil, ARJUN DAS! | Mufasa: The Lion King | In Cinemas 20 December",NzpJo8ysAac,Walt Disney Studios India,1,2024-12-09T05:30:15Z
Tamil Ensemble | Mufasa: The Lion King | In Cinemas 20 December,OF8HiD0xtcE,Walt Disney Studios India,1,2024-12-16T07:51:47Z
Thar Roxx - My NEW CAR,ztixMTkTePQ,Ankit Bhatia,22,2024-12-13T06:46:08Z
Dji Mini 4 Pro - A Drone You Need for TRAVEL! Full Review,E6TIr4UXmWY,Ankit Bhatia,22,2023-11-03T05:30:05Z
DJI Mini 3 Pro Review: This Budget Drone is for EVERYONE!,7nimLRKHhu0,GadgetByte,28,2022-07-13T14:15:40Z
karthi funny interview... |#karthi |#shorts |#manirathnam |#kollywood |#trending |#PS-1 |#sardar,3P1vWaxkefw,Fast cinitrack,1,2022-11-12T11:36:24Z
"Aravind Srinivas on Chennai, cricket, and innovation",FQBk2jIPPo4,Brut India,25,2024-12-08T10:30:13Z
The Nayanthara Interview | Anupama Chopra | THR India Exclusive,ZidoZm6JiQw,The Hollywood Reporter India,22,2024-12-11T14:30:24Z
Secret of Happy Married Life | Sudha Murthy #shorts #relationshipadvice  #marriage,rcB4k92NXn8,From The Heart Sayings,27,2022-12-03T09:30:14Z
Why Planes Follow This Invisible Path Across the Atlantic âœˆï¸ Jet Stream Highway ğŸŒ,tnpjwJ3hcfY,GeoGlobeTales,24,2024-11-01T15:38:22Z
"CHANEL NÂ°5, the film Train de Nuit with Audrey Tautou â€“ CHANEL Fragrance",f5r5PXBiwR0,CHANEL,22,2011-03-08T15:43:08Z
Why Bengaluru doesn't have skyscrapers,PdzCIU_fndY,Bengawalk,25,2024-12-07T05:54:03Z
My Mutual Fund Portfolio - Review 3 | SIP Investments for Long term,1cUtAGMjjFM,Finance Boosan,27,2024-12-03T11:00:02Z
Why are CARS SO EXPENSIVE in India? | A Case Study | tbh,ShsrtvSGAlY,tbh - Insights,27,2024-12-01T06:00:16Z
"Real Estate in Chennai: Trends, Tips, and Insights you canâ€™t miss ft. Shiva Reddy",qlhV8_5ZODg,Mercy John,24,2024-12-05T08:18:07Z
"Car Key Battery Replacement for Slavia, Virtus, Kushaq and Taigun - DirectShift",1lx9udn4w6g,Direct Shift,2,2022-11-30T16:52:10Z
"This Business Idea is Boring, But It Makes Me â‚¹3,23,543 EVERY month...",toMFPbaXkNY,Sanjeev NC - Tamil,22,2024-11-30T03:30:23Z
"""I didn't expect #kannumkannumkollayadithal to turn out the way it did.."" #dulquersalmaan",PXxjuQHHX70,Galatta Plus,24,2024-11-25T10:51:30Z
Exclusive: Mahindra Engineers Reveal Secrets Behind INGLO Platform Of The New BE 6e & XEV 9e | Part1,HGH7vgo1zYo,Motor Vikatan,2,2024-11-30T13:15:34Z
"Ep. #20 | WTF are Indian Real Estate Giants Up To? Nikhil ft. Irfan, Nirupa, & Karan",LqSEfz4YUFA,Nikhil Kamath,22,2024-10-11T15:26:51Z
Can you save tax by transferring to Spouse's account? Housewife's tax implications,O_IKcUL96Q4,Finance Boosan,27,2024-08-23T09:15:41Z
Quant Active Fund Review | Best Quant Fund | Best Multicap Fund 2023 | Quant Fund House |,_x-xaioTyGk,Dhaval Thakkar - DIY Finance,27,2023-05-07T09:19:19Z
Multicap Vs Flexicap Fund: Which One Should You Choose?,teEhnCnPc9U,5 Minute Finance,27,2023-09-07T13:30:31Z
Best way to diversify: Multi caps or Flexi caps?,qf_bXpvfr24,Value Research,27,2023-07-29T01:30:20Z
Top 3 Multi Cap Funds | Top 3 Multi Cap Funds in 2022 | Mutual Funds #shorts,3ZRugG_Ih8w,Mutual Funds at Groww,27,2022-10-10T13:00:05Z
3 Top-Performing Multi Cap Mutual Funds Over 10 Years,54eS_wLyaHM,Mutual Funds at Groww,27,2024-05-23T15:35:41Z
How to diversify your investment portfolio effectively | Multi cap VS Flexi-cap funds #investment,t-cutEa8nQ0,Value Research,27,2024-05-17T07:00:33Z
Multi-cap funds: A smarter way to invest in mid and small caps?,fnt6PlNDETc,ET Money,27,2023-08-03T12:30:30Z
Bear Market Vs Bull Market,SFexUmN7gWU,Investment Insights Tamil,27,2024-06-26T04:13:49Z
This Mahindra EV Makes Other Cars Look Outdated! ğŸ”¥,T-mujnmMecg,Sillycorns,2,2024-11-29T12:18:22Z
The Mahindra BE 6E is proof that EVs can be fun and affordable | PowerDrift,ZJPDt2NktGI,PowerDrift,2,2024-11-29T11:30:29Z
Vidaamuyarchi Teaser | Ajith Kumar | Trisha | Arjun | Magizh Thirumeni | Anirudh | Subaskaran | Lyca,Wtq3RRORVx4,Sun TV,24,2024-11-28T17:38:00Z
"#GoodBadUgly Hype, #Suriya45, #Viduthalai2 , 96 Sequel | Fully Filmy News Ep 2 | @RaunaqMangottill",jAlCopmletU,Fully Filmy Tamil,1,2024-11-28T14:38:38Z
"Screening at Officers Training Academy, Chennai | Amaran | Kamal Haasan | Sivakarthikeyan| Mahendran",naF7NBuewZw,Raaj Kamal Films International,22,2024-11-28T14:04:07Z
Why Indian Men Don't Want To Get Married?,A0P9IKM7pLk,Rocket Health ğŸš€,22,2024-11-25T07:00:15Z
How Rameshwaram Cafe Built a â‚¹60 Crore Dosa Empire! | Stories From Bharat Ep 44 | Curly Tales,ujCGvZoFdOo,Curly Tales ,19,2024-11-27T13:49:04Z
How to do Asset Allocation the Right Way | Top 3 Asset Allocation Models Explained ft. Ashish Shaker,jKQEYUwzWDA,Paisa Vaisa  with Anupam Gupta,22,2024-11-27T13:40:00Z
Rashmika and Vijay â¤ï¸ğŸ¥° #vijaydevarakonda #rashmikamandanna #love #couple #tollywoodnews #tamil,8vuZ7FB6GPQ,Infinity FuN Shorts-24,22,2024-11-16T12:29:49Z
à®…à®°à®šà®¿à®¯à®²à¯à®•à¯à®•à¯ à®ªà¯‹à®• à®®à®¾à®Ÿà¯à®Ÿà¯‡à®©à¯à®©à¯ à®šà¯Šà®©à¯à®©à®¾à®°à¯..! Udhayanidhi,uPt5Dryi3Ck,Galatta Tamil | à®•à®²à®¾à®Ÿà¯à®Ÿà®¾ à®¤à®®à®¿à®´à¯,24,2024-10-13T09:46:20Z
Mahindra BE 6e & XEV 9e Walkaround | Electric SUVs In-Depth Review | PowerDrift QuickEase,eiBfSl9VbBs,PowerDrift,2,2024-11-27T09:49:53Z
Why Can't Prices Just Stay The Same?,nUYVxcctK_A,Finance Boosan,27,2024-11-25T15:00:37Z
Early Retirement Success Story. How did he Retire with 12 Crores? | ft. Ravi Handa,nBS_asQviAk,Personal Finance TV,25,2024-10-18T13:30:34Z
My 9 Sources of Income at Age 32,qND9hcZhlK4,Nischa,27,2024-11-24T13:01:01Z
Samsung is in Crisis,ar1sCqwAvAs,ColdFusion,28,2024-11-23T18:41:39Z
How Builders Sell Luxury Apartments #shorts,56lK__FPfYw,Nikhil Kamath,22,2024-10-30T14:28:38Z
How cost of education in India is leaving parents drained & in debt,_5zOF7_lklk,ThePrint,25,2024-11-21T06:00:18Z
CRUEL INTENTIONS Season 1 Ending Explained,A4x6ge-p6dA,Media Breakdown,24,2024-11-21T11:16:07Z
streamer loses it after being rick rolled,FcE7eUGUdAs,lukeafk shorts,22,2021-11-20T01:22:18Z
Rick Astley Gets Rick Rolled (lol),g2vo6NWdDPc,Rip Van Scarface,20,2021-01-01T17:06:49Z
Which Index is Under Performing? Stock market Index Explained in Tamil,LbMfYgRix2s,Finance Boosan,27,2024-11-22T10:50:22Z
Babygirl | Official Trailer 2 HD | A24,9XXoNB0lVGo,A24,1,2024-11-19T13:59:00Z
"Beijing 2013 vs Beijing 2024: Cleaner Air, Less Pollution â€” Hereâ€™s How China Did Itâ€¦",h2Hc7ODyDVM,Mint,25,2024-11-21T16:08:25Z
"Amaran 300 CR, Kanguva Hatred & Maharaja in China | Fully Filmy News 1 | @RaunaqMangottill",qg4wc6Oi7j0,Fully Filmy Tamil,1,2024-11-22T16:27:59Z
Why your city is running out of money? | The Daily Brief #109,5wc59mTmFSk,Markets by Zerodha,25,2024-11-21T01:30:05Z
Surviving Market Meltdowns: Key Lessons from the Sensex Falls | Dhirendra Kumar Shares Expert Advice,NIX9hIu8CZY,Value Research,27,2024-11-22T07:00:23Z
Are SCHOOL FEES in India Too Expensive?,FQbL3Su9apI,Wint Wealth,24,2024-11-22T12:38:50Z
ğŸš¨ Adani Arrest? ğŸ˜¯ | Madan Gowri | Tamil | MG Squad ğŸ––,7uhZZ_BnWF4,Madan Gowri,27,2024-11-22T15:36:08Z
RAKKAYIE - Title Teaser | Nayanthara | Senthil Nallasamy | Govind Vasantha,AsaC-f_C1j0,Drumsticks Productions,1,2024-11-18T04:44:00Z
DD: The Paymaster Who Always Paid for Our Outings! ğŸŸğŸ’µğŸ”¥| House of DD #shorts #amaran #ddneelakandan,wvbC13Q0h7E,House of DD,22,2024-11-07T11:30:40Z
Maniratnam Sir à®•à®¿à®Ÿà¯à®Ÿ à®•à®¾à®±à¯à®±à¯ à®µà¯†à®³à®¿à®¯à®¿à®Ÿà¯ˆà®•à¯à®•à¯ à®à®ªà¯à®ªà®Ÿà®¿ à®Ÿà®¿à®•à¯à®•à¯†à®Ÿà¯ à®µà®¾à®™à¯à®•à¯à®µà®¾à®™à¯à®•à®©à¯ à®•à¯‡à®Ÿà¯à®Ÿà¯‡à®©à¯ğŸ˜‚! - RJ Balaji,AytsuxdReVw,Cinema Vikatan,24,2024-11-18T09:30:06Z
Street foodğŸ²sandhanam comedy #potato #snacks #trending #trendingshorts #shortsfeed #shorts,gl6_1ZdsUBc,VJ Life Diaries,24,2024-11-18T07:21:06Z
Elonâ€™s DOGE,EHUm6EB6S-E,Aarthi and Sriram,24,2024-11-17T21:13:49Z
Early Retirement à®•à¯à®•à¯ à®à®µà¯à®³à¯‹ à®ªà®£à®®à¯ à®¤à¯‡à®µà¯ˆ..? à®¯à®¾à®°à¯ à®‰à®¤à®µà®¿à®¯à¯à®®à¯ à®‡à®²à¯à®²à®¾à®®à®²à¯ à®•à¯‹à®Ÿà®¿à®•à®³à¯ˆ à®šà¯‡à®°à¯à®•à¯à®•à¯à®®à¯ à®°à®•à®šà®¿à®¯à®®à¯,yb9DrPdHvjU,Behindwoods Air ,22,2024-11-14T13:30:37Z
à®•à®®à¯à®®à®¿ à®µà®¿à®²à¯ˆà®¯à®¿à®²à¯ à®à®²à¯à®²à®¾à®°à¯à®®à¯ à®µà¯€à®Ÿà¯ à®µà®¾à®™à¯à®•à¯à®µà®¤à¯ à®à®ªà¯à®ªà®Ÿà®¿? à®šà®°à®¿à®¯à®¾à®© Trick à®‡à®¤à®¾à®©à¯ - Gobi Interviews Finance Experts,iXMNXnIWQjM,Behindwoods Air ,22,2024-11-14T08:57:18Z
Masterclass on Wealth Creation with Mutual Funds: Dhirendra Kumar's Ultimate Guide for New Investors,3k6YqpC0Zho,Value Research,27,2024-11-15T07:00:05Z
"How to close Zerodha DEMAT Broking Account in Tamil, Closing DEMAT Accounts, Best Brokerage Accounts",BO0Wc_U-JuY,April Investments,27,2023-04-19T14:05:21Z
Happy Birthday Lawrence Master | Benz | Lokesh Kanagaraj | Passion Studios | The Route | G Squad,O7h_cDAM__U,The Route,24,2024-10-29T18:56:33Z
Welcome On Board Sai Abhyankkar | Benz | Raghava Lawrence | Lokesh Kanagaraj | Bakkiyaraj Kannan,iRtKynA6Ylg,Think Music India,1,2024-11-04T14:35:37Z
How China Uses Mexico To Avoid U.S. Tariffs,5i3Y14TNqCI,CNBC,25,2024-10-25T16:00:08Z
WTF is A.I. Really? Yann LeCun x Nikhil Kamath | People by WTF Ep. 4 Trailer,87evaBkpkhQ,Nikhil Kamath,22,2024-11-15T15:01:54Z
Namma Chennai | à®šà¯†à®©à¯à®©à¯ˆà®¯à®¿à®²à¯ à®•à¯‹à®Ÿà¯ˆà®•à¯à®•à®¾à®²à®¤à¯à®¤à®¿à®²à¯ à®¨à¯€à®°à¯à®¤à¯ à®¤à®Ÿà¯à®Ÿà¯à®ªà¯à®ªà®¾à®Ÿà¯ à®à®±à¯à®ªà®Ÿà¯à®®à®¾? | WATER,JtpjtR4rEgA,PuthiyathalaimuraiTV,25,2024-11-15T11:33:07Z
Kutty Story | Kuchu The Proxy | Gautham Vasudev Menon | Venkat Prabhu | Vijay | Nalan Kumarasamy,Wjl9nfxdfkk,Vels Film International,1,2024-11-08T12:30:26Z
Kanguva 2-Minute Review @raunaqmangottil | Suriya |Siruthai Siva| Fully Filmy,xt8zoK-mnJM,Fully Filmy Tamil,1,2024-11-14T15:39:00Z
Kanguva Movie Review By Baradwaj Rangan | Suriya | Bobby Deol | Siva | Devi Sri Prasad,Q_e8VgfdaZI,Galatta Plus,24,2024-11-14T07:58:24Z
"Vaa Vaathiyaar Teaser | Karthi, Krithi Shetty | Santhosh Narayanan | Nalan Kumarasamy | Studio Green",k-JbtaDIwp0,Think Music India,1,2024-11-13T11:30:17Z
"Swiggyâ€™s IPO makes 500 employees crorepatis, 9 executives to gain over Rs 50 cr",lyMjN4oOOjc,The Economic Times,25,2024-11-13T13:17:31Z
K. E. Gnanavel Raja Interview With Baradwaj Rangan | Kanguva | Thangalaan |  Conversations,CHZHvAEL4sY,Galatta Plus,24,2024-11-11T09:15:54Z
"New Skoda Kylaq, pricing, rivals, competing with Kushaq - Petr Janeba | Interview | Autocar India",TlehVEo6Btw,Autocar India,2,2024-11-07T12:00:34Z
Vettaiyan Movie Review By Baradwaj Rangan | Rajinikanth | T.J. Gnanavel | Anirudh,7F9DcXwZmT4,Galatta Plus,24,2024-10-10T11:26:40Z
Lucky Baskhar Movie Review By Baradwaj Rangan | Dulquer Salmaan | Venky Atluri | GV Prakash,bM6fe0Zy6QU,Galatta Plus,24,2024-11-01T14:55:49Z
"How Qatar Airways Prepares 200,000 Meals From Scratch Every Day | Big Business | Business Insider",0YQjsDJ0jww,Business Insider,25,2024-11-06T16:00:00Z
Aswath Damodaran's take on the Swiggy IPO - To buy or not?,np8rY9NoziA,The India Opportunity with Shrishti Sahu,28,2024-11-05T18:16:14Z
Shah Rukh Khan à®µà¯†à®šà¯à®šà¯ 1500à®•à¯‹à®Ÿà®¿ à®à®Ÿà¯à®•à¯à®•à®±à®¤à¯†à®²à¯à®²à®¾à®®à¯ à®šà¯à®®à¯à®®à®¾ à®•à®¿à®Ÿà¯ˆà®¯à®¾à®¤à¯! - Sivakarthikeyan | Atlee | #shorts,YLIP3PT0MJg,Cinema Vikatan,24,2024-01-03T12:31:00Z
Soori-à® Mimicry à®ªà®£à¯à®£à®¿ à®•à®²à®¾à®¯à¯à®¤à¯à®¤ Sivakarthikeyan.! Vijay Sethupathi Garudan Audio Launch | Vetrimaaran,rXdNFI7djew,Newston Media,24,2024-05-23T13:06:32Z
OpenAI's ChatGPT Search Engine: My Hands-On Test,Mgl4BGZMenI,CNET,28,2024-11-06T17:37:29Z
I Visited CHINA's Future City and Here's What I Found Out,mUbizFj0eFg,CoolVision,19,2024-11-05T15:05:46Z
Donald Trump's SHOCKING impact on India? : Geopolitical Case study,TmD8t5XWPJ0,Think School,27,2024-11-07T12:30:06Z
'We must accept the results of this election':  Kamala Harris concedes election,3A4NBDubBbM,The Hindu,25,2024-11-07T04:44:06Z
Thug Life Release Date Teaser (Tamil) | Kamal Haasan | Mani Ratnam | STR | AR Rahman | RKFI| MT | RG,ZS2Y25OOCok,Raaj Kamal Films International,1,2024-11-07T05:30:19Z
Thuppakki Vijay à®•à¯ˆà®•à¯à®•à¯ à®µà®¨à¯à®¤ à®•à®¤à¯ˆ | Rajkumar Periasamy | Thalapathy | A.R. Murugadoss |Sivakarthikeyan,qsqAlo5tb10,Galatta Tamil | à®•à®²à®¾à®Ÿà¯à®Ÿà®¾ à®¤à®®à®¿à®´à¯,24,2024-11-01T08:12:59Z
'à®•à®²à¯à®¯à®¾à®£à®®à¯ à®®à¯‡à®² à®¨à®®à¯à®ªà®¿à®•à¯à®•à¯ˆ à®‡à®²à¯à®²..' ğŸ˜² Sai Pallavi Reveals 1st time,Ax8Z6szSeLg,Behindwoods TV,22,2024-10-31T04:40:06Z
How Much Does It Cost To Have A Baby In India? | Moneynomics | Neil Borate,TrgAEWuCz24,Mint,25,2024-11-02T11:30:06Z
Demo video: How to use Portfolio Analysis | Value Research Fund Advisor,rNiUAGCiXqo,Value Research,27,2024-07-04T11:07:54Z
Meta (Audio),CS2Lqdwja8o,Acquired,28,2024-10-28T01:30:06Z
Mutual fund Industry FOOL's you| IIT Madras Professor | How to Build wealth |,XIVscvh62No,Financially Freeâ„¢,22,2024-09-14T12:28:33Z
Top 5 Index Funds in India to Buy & Hold Forever,of8O5foNygM,Rishabh Dev,25,2024-10-25T06:30:06Z
Sudhir Srinivasan's The Late Review: Amaran | Sivakarthikeyan | Sai Pallavi | Rajkumar Periasamy,NvNZOtJD_e8,Cinema Express,24,2024-11-02T06:41:43Z
Rajkumar Periasamy interview with Sudhir Srinivasan | Amaran | Mukund Varadarajan | Sivakarthikeyan,wW3mXXIGuXs,Cinema Express,24,2024-10-30T14:11:52Z
Thank You #Superstar Rajini Sir | Amaran | Kamal Haasan | Sivakarthikeyan | Rajkumar | Mahendran,3qt6gv0isTQ,Raaj Kamal Films International,22,2024-11-02T10:02:30Z
Amaran: NOT a Review | Sivakarthikeyan | Sai Pallavi,AnrG5lX1gQY,Raunaq Mangottil,22,2024-11-01T11:59:14Z
Amaran Movie Review By Baradwaj Rangan | Sivakarthikeyan | Sai Pallavi | Rajkumar | GV Prakash,WZLfvfy6czw,Galatta Plus,24,2024-10-31T13:52:21Z
Life is a single player game || Happiness is a choice,C7cU47hkvLk,The PigsBoson,24,2021-02-18T02:59:18Z
This Man Left a 3 Lakh Salary Job To Live His Dream?,Iv_agfkU_xQ,Wint Wealth,24,2024-10-30T12:30:18Z
A Complete GUIDE on Mutual Fund Taxation | How to take Advantage of NEW TAX STRUCTURE,lIN0_HFVvBg,Finance Boosan,27,2024-08-04T05:45:04Z
"Amaran - Trailer | Sivakarthikeyan, Sai Pallavi | Rajkumar | GV Prakash | Kamal Haasan | Mahendran",hylIXfZeB4c,Saregama Tamil,1,2024-10-23T12:28:07Z
7 Reasons to EXIT Mutual Funds or STOP SIP | When To Sell Mutual Funds?,am6Tn872Jts,Finance Boosan,27,2023-10-10T11:00:03Z
Inside Madhuri Dixitâ€™s Sea-Facing Mumbai Apartment | AD India,tW7ItIBq7uQ,Architectural Digest India,26,2024-10-29T06:48:48Z
Rajkumar Periasamy Interview With Baradwaj Rangan | Amaran | Conversations | Part 1,HVoZyephUkA,Galatta Plus,24,2024-10-29T08:52:05Z
"Citadel:Honey Bunny - Official Trailer 2 | Raj&DK | Russo Brothers | Varun, Samantha, Kay Kay, Saqib",E9edU91aknU,Prime Video India,24,2024-10-29T00:30:13Z
"Suriya Opens Up About Family, Films & Future | InFocus | THR India",yKdCZ0iIlAk,The Hollywood Reporter India,22,2024-10-28T14:43:02Z
Brigade Icon | Mount Road | Chennai | Walkthrough,LFxI_9RKQOg,Brigade Group,22,2024-08-29T13:02:28Z
How China is designing flood-resistant cities,nf-Yy3EuZi0,Vox,25,2023-10-26T23:53:19Z
Zomato's Game-Changer: Is Blinkit Taking Over? | The Daily Brief,RQ8x3V_AC0E,Markets by Zerodha,25,2024-10-24T01:30:15Z
Stop Buying On Every Dip | The Right SIP Plus Lump Sum Strategy,vO4zS2c-AFk,ET Money,27,2024-06-16T07:30:14Z
LUMPSUM in Mutual Funds NOW OR Wait For CORRECTION? | Where To Invest Lumpsum in 2024? Rahul Jain,H0cmqwsiuJA,Rahul Jain,27,2024-08-28T14:00:15Z
Nifty 50 or Next 50: Where to Invest Your Money?,C0NzR_9_DzI,Finance Boosan,22,2023-02-11T12:30:05Z
How Do I Know When I Have Enough Money to Retire?,9dqS2olRQfM,Zero1 by Zerodha,22,2024-10-25T12:30:13Z
Vande Bharat's Sleeper Coaches: A New Reality Of Luxury And Comfort | India Today | Reporter Diary,Cp8lwjEFf9E,India Today,25,2024-10-23T15:19:36Z
"LUCKY BASKHAR (Tamil) - Trailer | Dulquer Salmaan, Meenakshi Chaudhary | Venky Atluri | GV Prakash",vs6JMdKjoVI,Aditya Music Tamil,1,2024-10-21T14:20:10Z
Uber Wants You to Hail a Robotaxi | Interview,AfDBKpF11ug,Hard Fork,28,2024-10-20T11:00:10Z
You Need Only 4 FUNDS,nQuQ9MDsfuI,PowerUp Money,27,2024-09-26T13:00:55Z
Ratan Tata: Inspiring Generations | Mega Icons | à¤¹à¤¿à¤‚à¤¦à¥€ | Full Episode | S1 - E4 | Nat Geo,Qt1j-eErJ_c,National Geographic India,24,2024-10-20T03:30:21Z
Where Are Indiaâ€™s 5 Popular Mutual Fund Managers Investing?,GCYNgnf2c2I,ET Money,27,2024-10-17T12:30:23Z
Disco With KS | meiyazhagan movie director | C.Prem Kumar Speech | Actor Karthi | News18 Tamil Nadu,LMZNvDU4sjY,News18 Tamil Nadu,25,2024-10-20T02:10:39Z
Millionaire Giving Tip #foryou #monaco #billionaire #luxury #fyp,CAeIQ5ZZEBY,Restricted Spotter Monaco,2,2024-08-19T17:00:10Z
Could you do it faster?,-iDo0tRvi0s,Xman,17,2024-10-04T14:00:00Z
"""à®¨à¯€à®™à¯à®• à®ªà®Ÿà®®à¯ à®ªà®£à¯à®£ à®ªà¯‹à®¤à¯à®®à¯ à®à®©à®•à¯à®•à¯"" - #Meiyazhagan Premkumar | Karthi | Aravind Swami | Sri divya",wrHEGO0p450,Moviebuff,1,2024-10-14T03:30:27Z
à®šà®¿à®µà®¨à®à¯à®šà®¾ à®ªà¯‡à®šà¯à®µà®¤à¯ˆ à®°à®šà®¿à®¤à¯à®¤à¯ à®ªà®¾à®°à¯à®¤à¯à®¤ Mari Selvaraj ğŸ¥°,JAEzrQ4lFrI,Galatta Tamil | à®•à®²à®¾à®Ÿà¯à®Ÿà®¾ à®¤à®®à®¿à®´à¯,24,2024-09-17T11:10:02Z
"""I watched a roundtable recently.."" #rjbalaji",AybQ44XpYW4,Galatta Plus,24,2024-10-13T07:00:07Z
Ithunala tha Sangeetha hotel geetham nu pera mathunangağŸ˜¯#hotelbusiness #geetham#sangeetha restaurant,Df17_VGAZDM,Raghul Dayal,22,2024-09-27T13:53:56Z
Vazhai success meet | Vazhai teacher ğŸ’•ğŸ¥° #vazhai #vazhaimovie #vazhaiteacher #mariselvaraj #shorts,E5pvtCQlInk,BEES CLIPS,24,2024-09-16T18:02:40Z
Nenjai poopol koithavalae Song Recording SessionğŸ¤£ğŸ¤£ #vikkals #shorts,RysCYPIqp00,Vikkals,24,2024-02-12T12:46:27Z
Mari Selvaraj Interview With Baradwaj Rangan | Vaazhai | Lights Camera Analysis | Part 2,8j8HA8dgriw,Galatta Plus,24,2024-10-14T15:19:17Z
Mari Selvaraj Interview With Baradwaj Rangan | Vaazhai | Lights Camera Analysis | Part 1,Q4-n951faBY,Galatta Plus,24,2024-10-14T15:17:45Z
Kavin & Sivabalan Muthukumar Interview With Baradwaj Rangan | Bloody Beggar | Conversations | Part 2,8WcJYTBJjQc,Galatta Plus,24,2024-10-07T13:01:23Z
Kavin & Sivabalan Muthukumar Interview With Baradwaj Rangan | Bloody Beggar | Conversations | Part 1,jH08dFF8bgc,Galatta Plus,24,2024-10-07T13:00:51Z
"How I Built Bangalore's First Mall - Prestige Group MD, Irfan Razack On Forum, Koramangala",oJcwGzItnjM,Nikhil Kamath Clips,22,2024-10-16T16:26:52Z
Skoda Kylaq Set For Launch | Interview With Piyush Arora | NDTV Auto,_aBPnSpNq0c,NDTV Auto,2,2024-10-17T13:54:19Z
"Young Turks Reloaded: Ep 2 | Zerodha Journey: Nithin, Nikhil Kamath Podcast | Kailash Nadh | N18V",ErBv_6YJyC4,CNBC-TV18,25,2024-10-17T13:30:06Z
How Amazon Failed to Understand India? - Business Case Study,euiE_MCuDNE,Backstage with Millionaires,22,2024-10-16T14:46:24Z
Priya Bhavani Shankar Interview With Baradwaj Rangan | Black | Conversations | Part 2,WrR9eU8lxDI,Galatta Plus,24,2024-10-16T10:18:16Z
Why Nikhil Kamath Finally Bought A House (Buying Vs Renting),CafoZgMz-tU,Nikhil Kamath Clips,22,2024-10-15T09:46:24Z
How Systematic Withdrawal Plans Can Give You Steady Cash & Less Tax After Retirement | Neil Borate,wv1xVfYyAOk,Mint,25,2024-10-05T11:30:21Z
Is There a Formula for Financial Independence? [Asking The Expert],L3mX36og08U,Wint Wealth,24,2024-10-03T12:00:31Z
The truth about billionaires,aVHiRe-wok0,Zero1 by Zerodha,22,2024-10-01T13:30:57Z
Simple hack to stop overspending | Understanding the Diderot Effect and ways to overcome,vsMaLykN2jA,Zerodha Varsity,27,2024-10-01T13:30:40Z
Konjum Kili Official Full Video Song,VnmD2j3bEng,Studio Green,24,2013-04-10T10:05:58Z
Kaathal - The Core Movie Review By Baradwaj Rangan | Mammootty | Jyotika | Jeo Baby,-cJQjDB3cGQ,Galatta Plus,24,2023-11-23T14:50:42Z
Thalapathy 69 Poojai | Thalapathy Vijay | H Vinoth | Pooja Hegde | KVN Productions,jNbrJH1efuI,KVN PRODUCTIONS,24,2024-10-04T16:35:41Z
Ivanunga Imsai Thanga Mudilapaa ğŸ˜­ğŸ˜© #vikkals #shorts,ehDL6RpBKDY,Vikkals,24,2023-10-30T14:35:46Z
Did Israelâ€™s Iron Dome Fail Against Iranâ€™s Missiles? | Vantage with Palki Sharma,qdDSMMol8o8,Firstpost,25,2024-10-02T18:05:00Z
C.Premkumar Interview With Baradwaj Rangan | Meiyazhagan | Conversations | Part 2,d4JCeyQ2kug,Galatta Plus,24,2024-09-20T12:30:38Z
C.Premkumar Interview With Baradwaj Rangan | Meiyazhagan | Conversations | Part 1,2JQh1r54y_8,Galatta Plus,24,2024-09-20T05:13:43Z
Meiyazhagan Movie Review By Baradwaj Rangan | Karthi | Arvind Swami |  C.Premkumar,jTkQGKDEs14,Galatta Plus,24,2024-09-27T09:31:19Z
Babygirl | Official Trailer HD | A24,-8Sx6U6Ou0Q,A24,1,2024-10-01T12:59:00Z
"AI tools for software engineers, but without the hype â€“ with Simon Willison (Co-Creator of Django)",uRuLgar5XZw,The Pragmatic Engineer,24,2024-09-25T13:55:39Z
"RAG (Retrieval-Augmented Generation): the ""Hello World"" of AI applications",ZgdU3zHobGQ,The Pragmatic Engineer,24,2024-09-27T15:51:11Z
"CTRL | Official Trailer | Ananya Panday, Vihaan S, Vikramaditya Motwane | Netflix India",KEfeMPGj-Dw,Netflix India,24,2024-09-25T03:30:00Z
Celebrating 10 Years of Fire TV,c-j5ENSQuQ4,Amazon Fire TV,24,2024-05-30T19:15:08Z
JIGRA - OFFICIAL THEATRICAL TRAILER | Alia Bhatt | Vedang Raina | Vasan Bala | 11th October,3uE0RuQndZc,Dharma Productions,1,2024-09-26T05:30:37Z
How to download and run Llama 3.2 Locally!!!,luGI1NWEAPY,1littlecoder,28,2024-09-25T19:27:33Z
Welcome to the Hollywood Reporter India,snopEnfeIts,The Hollywood Reporter India,22,2024-09-25T14:30:22Z
â‚¹850 Crores Raised! M2Pâ€™s Series D Fundraising Power Play,e-WaMQz-3RY,M2P Fintech,28,2024-09-24T06:32:57Z
Off Script with The Hollywood Reporter India | Filmmakers Roundtable,BPECvsyAuC8,The Hollywood Reporter India,22,2024-09-23T14:30:04Z
MG Windsor EV First Drive: Is This a Game Changer EV? | PowerDrift First Drive,0sgyD8TsxBc,PowerDrift,2,2024-09-23T08:54:32Z
This is how your JOB will make you rich.,vo63uRiCRWQ,Zero1 by Zerodha,22,2024-09-10T13:15:08Z
How Should a Middle-Class Person Invest? | Secrets Revealed,OxAmNAfNZkk,PowerUp Money,27,2024-09-18T13:29:59Z
Sergey Brin | All-In Summit 2024,XzK9bx3CSPE,All-In Podcast,24,2024-09-10T19:58:51Z
Yuval Noah Harari - â€œNexusâ€ & Threat of AI in the Information Age | The Daily Show,euBAVec2RhE,The Daily Show,23,2024-09-10T03:29:07Z
à®…à®ªà¯à®ªà®¾ à®à®ªà¯à®ªà®Ÿà®¿ à®¨à®®à¯à®® à®‡à®™à¯à®•à®¿à®²à¯€à®·à¯ ğŸ¤£ğŸ˜‚ğŸ˜«ğŸ˜² #sathishdeepa #deepasathish #tharaasathish,KCn5IfWwpCk,Sathish Deepa,22,2024-09-13T08:30:07Z
Lonely Planet | Official Trailer | Netflix,lTu7j2GOGwQ,Netflix,24,2024-09-12T13:00:00Z
Introduction to Generative AI,2p5OHDxR2l8,ByteByteGo,28,2024-09-19T15:30:00Z
Kutty Story | Edhirpaara Mutham | Gautham Vasudev Menon | Venkat Prabhu | Vijay | Nalan Kumarasamy,75BMXAYpejo,Vels Film International,1,2024-09-04T12:30:31Z
Kutty Story | Aadhi Meets Mirnalini | Gautham Vasudev Menon | Venkat Prabhu |Vijay| Nalan Kumarasamy,HNnLxqZr4TQ,Vels Film International,1,2024-09-12T12:30:22Z
Hyundai Alcazar: The Perfect Family SUV? | PowerDrift First Drive Impression,4nIl5CNBacc,PowerDrift,2,2024-09-18T06:13:43Z
How Video Streaming works | System Design,kCAXpAikMVc,ByteMonk,27,2023-03-06T16:45:01Z
Instagram System Design | Meta | Facebook,YoS5cp0cirM,ByteMonk,27,2023-06-18T12:00:32Z
The Greatest Of All Time Movie Review By Baradwaj Rangan | Vijay | Venkat Prabhu,SV2ihHzCCTM,Galatta Plus,24,2024-09-05T06:31:18Z
How Namma Yatri Ended Ola and Uber's Dominance?,gnZIj8U71tE,Backstage with Millionaires,22,2024-04-29T12:28:52Z
Demonstration of an open network transaction for mobility| Namma Yatri,kBChCYRd43Q,Beckn Protocol,28,2023-09-05T10:37:10Z
JIGRA - OFFICIAL TEASER TRAILER  | Ulti Ginti Shuru | Alia Bhatt | Vedang Raina | Vasan Bala| 11 Oct,pLPHQaumq4g,Dharma Productions,1,2024-09-08T05:30:08Z
Nikhil Kamath x Nandan Nilekani | People by WTF | Ep #3,YqdJSu1DX48,Nikhil Kamath,22,2024-09-14T14:30:06Z
Ep.3 Trailer | People by WTF: Nikhil Kamath & Nandan Nilekani,BL2yPiDjTfY,Nikhil Kamath,22,2024-09-08T11:28:49Z
The Love for Thalapathy | Thalapathy 69 Announcement | Thalapathy Vijay | Sep 14 | 5 PM | KVN 5,qQRbh17uZVg,KVN PRODUCTIONS,24,2024-09-13T11:30:23Z
From â‚¹10/day to â‚¹5 Crores Net Worth?,dtaCmBvoogo,Wint Wealth,24,2024-09-12T13:30:28Z
iPhone 16 event in 16 minutes,dIJVwG4Glg8,The Verge,28,2024-09-09T21:08:00Z
3 Questions to Ask Yourself to Get Clarity on What You Really Want,mqS9EdYssW8,Shreyas Doshi,28,2024-09-07T00:23:51Z
You said You said it was impossible? Well done ğŸ’ªğŸ» #motorcycle,hQIoLy_YftI,Sarah Lezito,2,2024-06-03T15:07:44Z
Preparing for a Market Correction? Investing during All time highs,6Tn9wlDHZYU,Finance Boosan,27,2024-09-04T11:02:56Z
When Tamilians Visit Delhi #Shorts #Kunj,3IwU3hNUFd0,Abishek Kumar,23,2023-11-11T07:02:15Z
Best Investment in an Indian Startup ğŸ‘ğŸ‘,Ygvh3XLRMRI,Backstage with Millionaires,22,2024-08-15T12:07:49Z
"Brother and Sister PASS AWAY, leaving their neighboring homes UNTAMED",kEpf_S_aLBc,SB Mowing - Shorts,22,2024-04-05T13:00:49Z
Her FRONT PATHWAY was ENGULFED and I dug it ALL up,r32iDCTygWw,SB Mowing - Shorts,22,2023-11-17T14:00:39Z
Novak Djokovicâ€™s Kryptonite (vs Roger Federer),uBnR0oV-OoY,Fuzzy Yellow Balls,17,2024-06-19T14:11:12Z
1 day vs 10 years in Germany | Pfand ğŸ¥¤,wfwFJGLHkxs,Radical Living,24,2024-08-27T12:27:24Z
Rahul won the principal's of cricket and life.#rahuldravid #indiancricketteam #indiancricketer,Bes1w4jfM5s,Social Sport Cricket,17,2024-09-02T21:10:22Z
No Priors Ep. 80 | With Andrej Karpathy from OpenAI and Tesla,hM_h0UA7upI,"No Priors: AI, Machine Learning, Tech, & Startups",28,2024-09-05T10:00:51Z
à®ªà®¤à¯à®¤à®¿à®°à®®à®¾ à®µà¯€à®Ÿà¯à®Ÿà¯à®•à¯à®•à¯ à®ªà¯‹à®• à®¨à®¿à®©à¯ˆà®¤à¯à®¤ à®‡à®³à¯ˆà®à®°à¯à®•à¯à®•à¯ à®•à®¾à®ªà¯à®ªà¯  Youth arrested government bus theft bike theft Gu,nhkamQoVpYc,Dinamalar,22,2024-08-31T10:08:47Z
The GOAT - Sneak Peek | Thalapathy Vijay | Venkat Prabhu | Yuvan Shankar Raja | Prashanth,_70eLMcnSlc,Moviebuff Tamil,1,2024-09-06T12:30:33Z
"2026 CMğŸ”¥""Gobi, à®‡à®µà¯à®³à¯‹ Note à®ªà®£à¯à®±à¯€à®™à¯à®•""ğŸ˜± Venkat Prabhu-à®µà¯ˆ à®®à®¿à®°à®³ à®µà¯ˆà®¤à¯à®¤ GOAT à®…à®°à®šà®¿à®¯à®²à¯ Decoding Interview",wn47Kh5WGI0,Behindwoods TV,22,2024-09-03T13:30:19Z
Venkat Prabhu Interview With Baradwaj Rangan | The GOAT | Conversations | Part 2,7arL4ymCykQ,Galatta Plus,24,2024-09-02T11:30:04Z
5 AI Agents You Can Build Today (100% no-code),fcTtO57zH0s,Devin Kearns | CUSTOM AI STUDIO,28,2024-08-08T14:26:17Z
Venkat Prabhu Interview With Baradwaj Rangan | The GOAT | Conversations | Part 1,IylEa08HLKM,Galatta Plus,24,2024-09-01T15:04:48Z
GPT4All: Create RAGs without any coding & run LLMs locally,ha38blErw1A,Hands-on AI ,27,2024-07-18T00:36:00Z
Gen AI Project Using Llama3.1 | End to End Gen AI Project,CO4E_9V6li0,codebasics,27,2024-08-30T13:30:08Z
GenAI Financial Recommendation Engine | LLM + RAG ChromaDB [ Zypher 7B LLM ] Mistral LLM,KXFupEkZtQo,FreeBirds Crew - Data Science and GenAI,27,2024-07-19T12:30:07Z
Tutorials 2-Building Multi AI Agents Chatbots With External Tools With LangGraph,b2iM9bPdAEs,Krish Naik,27,2024-08-28T08:28:57Z
"Madan Gowri - Tamil YouTube Sensation on TRS | Politics, Periyar, Power,  People, Culture & History",xBXH4a-VkB0,BeerBiceps,22,2024-08-27T15:31:13Z
"How IIT-Madras stayed ahead of others: â€˜A patent a dayâ€™, monthly feedback mechanism for faculty",ZqM-KIXsvsU,ThePrint,25,2024-08-27T03:30:21Z
"5 Unique AI Projects (beginner to intermediate) | Python, LangChain, RAG, OpenAI, ChatGPT, ChatBot",ZdktXRIj0Tc,Tina Huang,27,2024-08-16T18:39:55Z
Want Paan Dosa? ğŸ¥²ğŸ˜³ #shorts #streetfood,EwPo0HC4sqg,The Kurta Guy,24,2024-08-18T13:37:01Z
My Cowâ€™s Cute Bath Routine ğŸ«§,jaZmOCK5uWk,The Husky Fam,22,2024-08-17T02:34:17Z
"So, are you Team Practical Mom or Team Cute Supplies? #shorts",GufpD5faQoM,Stationery Pal,22,2024-08-20T12:03:00Z
How They built The BEST Llama 3.1 FineTune??!!!,0GfJB7zqUu4,1littlecoder,28,2024-08-26T13:54:11Z
"Power of â‚¹5,000 SIP - â‚¹5 Crores Net Worth",Nsg6PjBaE_A,Wint Wealth,24,2024-08-26T12:00:20Z
Xiaomi made a car! Meet the 673hp SU7 Max | First Look | Autocar India,9g0pbK3BXJk,Autocar India,2,2024-08-26T09:29:03Z
QnA With Baradwaj Rangan | Vaazhai & Kottukkaali,u8Ibxe7NMTA,Galatta Plus,24,2024-08-26T13:28:57Z
Mari Selvaraj Interview With Baradwaj Rangan | Vaazhai | Conversations | Part 1,IGZCG76LgJI,Galatta Plus,24,2024-08-20T07:28:26Z
How to create your own Flux AI Model ğŸ’¥ (Flux LoRA Fine Tuning) ğŸ’¥,VKIOL-V838I,1littlecoder,28,2024-08-19T16:51:31Z
Director Mani Ratnam About Vaazhai |Kalaiyarasan |Nikhila Vimal | Santhosh Narayanan | Mari Selvaraj,xNhIPzzmQv8,Think Music India,1,2024-08-22T09:30:03Z
Vaazhai - Featurette | Kalaiyarasan | Nikhila Vimal | Santhosh Narayanan | Mari Selvaraj,bxFItaGR2bM,Think Music India,1,2024-08-24T12:30:11Z
FREE Local LLMs on Apple Silicon | FAST!,bp2eev21Qfo,Alex Ziskind,28,2024-05-10T14:15:39Z
Local LLM Fine-tuning on Mac (M1 16GB),3PIqhdRzhxE,Shaw Talebi,27,2024-07-29T19:20:52Z
How to Fine Tune Llama 3 for Better Instruction Following?,WxQbWTRNTxY,Mervin Praison,26,2024-04-19T07:59:39Z
Call Me Bae - Official Trailer | Ananya Panday | Prime Video India,oMaB-STKV9Q,Prime Video India,24,2024-08-20T07:49:58Z
"Ep. #19 | WTF is â€œMaking itâ€ in an Offbeat Career? Nikhil Kamath Ft. Kriti Sanon, Badshah & KL Rahul",2_yA6GoqUnY,Nikhil Kamath,22,2024-08-23T07:33:18Z
How To Use Meta Llama3 With Huggingface And Ollama,LA-hZDnn5Hc,Krish Naik,27,2024-04-19T13:05:27Z
Step-by-Step Guide to Building a RAG LLM App with LLamA2 and LLaMAindex,f-AXdiCyiT8,Krish Naik,27,2024-01-31T13:31:11Z
Unboxing Cute Stationery Set // Unicorn Stationery Set #shorts #youtubeshorts,5Vw-fBcBXZo,Girl Crafts,26,2023-05-10T12:53:02Z
Aesthetic Temu finds || stationery & desk decor ğŸ’® asmr,EMRl2vDSUTc,Vicky's Journal,22,2024-03-30T12:09:42Z
Don't buy these pencil cases!!! #shorts,Ukdh6zBcq3k,Stationery Pal,22,2023-06-24T07:17:00Z
Don't let your friend see these stationery. #shorts,sscCRi_xCxg,Stationery Pal,22,2024-04-19T12:27:00Z
pretty pens that you need! âœ¨ğŸŒ·,9d2fmwg22kQ,stationeryous,22,2023-02-27T17:20:04Z
90s vs 2k kids stationery ğŸ˜…| cute aesthetic stationery ğŸ¥°| #miss_miracle #shorts #charusmonoact,RJWA0wmVLbE,Miss Miracle,22,2022-08-22T14:44:19Z
Huge stationary Items under 500rs ...ğŸ˜±WOW (vstore )#shorts #youtubeshorts #trending,xuQI1nU8STs,Crafter Vinisha Vijayakumar,24,2024-01-20T10:54:39Z
India's State-Sponsored Sugar Addiction,znl_w7tzWSo,The Plate India,22,2024-07-30T12:09:29Z
Run Llama 3 on Mac | Build with Meta Llama,aJ064KCr7OU,AI at Meta,28,2024-05-23T16:00:00Z
Official PyTorch Documentary: Powering the AI Revolution,rgP_LBtaUEc,PyTorch,24,2024-06-25T21:06:41Z
What do tech pioneers think about the AI revolution? - BBC World Service,Oa0ZHfcalCM,BBC World Service,28,2024-08-10T11:00:31Z
AI and The Next Computing Platforms With Jensen Huang and Mark Zuckerberg,w-cmMcMZoZ4,NVIDIA,28,2024-07-30T00:39:26Z
Inside Adani: Bloomberg TV Special | The Four Men Set to Inherit the $213 Billion Adani Empire,KZQuyQEOfQU,Bloomberg Television,25,2024-08-09T03:54:59Z
Work from home vlog,ZB_GepUbfPo,vasundhra manhas,22,2024-08-03T14:18:42Z
Noah Lyles won the 100m by point zero zero five seconds,7SkiLnZJO-E,Howtown,28,2024-08-05T20:19:10Z
Why Europe has so few skyscrapers | BBC Global,v2y6dlGINYc,BBC Global,25,2024-07-25T13:00:55Z
Behind-the-Scenes | Dua Lipa for Porsche,gvQIxOdkIqY,Porsche,2,2024-07-31T15:00:48Z
Why Banks Bet Big on Risky Credit Card Partnerships | WSJ,bJc8iZRxD-c,The Wall Street Journal,25,2024-08-07T14:00:38Z
Global Stock Market Crash: Indian Markets Dip Amid US Recession Fears | Vantage with Palki Sharma,6IfZnjLQUig,Firstpost,25,2024-08-05T17:50:00Z
How Nike Ran Into Trouble,ALjbM1tWtys,Bloomberg Originals,25,2024-08-02T08:00:09Z
AI's trillion dollar time bomb,dx-tMK7w5g8,CNBC Television,25,2024-07-19T19:24:54Z
Visa Inc. - The 12 Trillion Dollar Money Machine | A Finance Documentary,YpZiTrWGmL4,FINAiUS,22,2024-04-07T17:32:25Z
"ğŸ¤–Â AI Coffee à®°à¯‹à®ªà¯‹ for $20,000 #HobbyExplorer #AI #AGI #ASI #AI&DS #Robot #SiliconValley",OjJsjg4VL8o,Hobby Explorer Tamil,28,2024-07-28T02:30:09Z
Google's Self-Driving cars are taking over San Francisco and LA,o6tRewiT1I8,Uptin,22,2024-07-27T13:00:52Z
Manu Bhaker wins India's first medal ğŸ¥‰ğŸ‡®ğŸ‡³ | Womenâ€™s 10m Air Pistol Shooting | Paris 2024 Highlights,4pwnUALX0zs,Olympics,17,2024-07-28T15:30:17Z
Paris Olympics 2024: Manu Bhaker wins historic bronze in womenâ€™s 10m air pistol,bNmzgPQ10GI,The Hindu,25,2024-07-28T13:39:40Z
Real men test in productionâ€¦ The truth about the CrowdStrike disaster,H9RSeDUdkCA,Fireship,28,2024-07-22T20:27:18Z
Windows Blue Screen of Death: Crowdstrike Kernel Panic explained,Fm42RGGwpyo,ByteMonk,27,2024-07-27T04:00:10Z
Vector databases are so hot right now. WTF are they?,klTvEwg3oJ4,Fireship,28,2023-04-07T17:34:13Z
Vector Databases - Introduction | Vector Embeddings and Similarity Search,jqlgFmcXvq8,Architecture Bytes,28,2024-01-25T06:38:28Z
Vector Databases simply explained! (Embeddings & Indexes),dN0lsF2cvm4,AssemblyAI,22,2023-05-06T14:00:31Z
SPECTACULAR Paris 2024 Opening Ceremony! ğŸ’¥ğŸ‡«ğŸ‡· | Highlights,xtlvuPxNKWI,Olympics,17,2024-07-27T05:03:03Z
Watch the Paris 2024 Opening Ceremony Tonight | Olympics | JioCinema & Sports18,JXxh4gOelPs,JioCinema Sports,17,2024-07-26T05:15:00Z
Nikhil Kamath x Ranbir Kapoor | People by WTF Ep #2,fEnwMyHejtQ,Nikhil Kamath,22,2024-07-27T06:30:21Z
Behind the Scenes at Waymo Driverless Taxi Depot,3QZ3e7mWD9E,Kevin Chen,28,2024-05-08T13:53:02Z
The Truth About the Escobar Folding Phone!,O8FJSjy3bXA,Marques Brownlee,28,2020-03-10T21:14:56Z
Dua Lipa for Porsche | The all-electric Macan.,ccqn7r9WUHI,Porsche,2,2024-07-24T15:00:08Z
Budget 2024 : Biggest Mistake or a Masterstroke by the Modi govt? | Complete analysis,_SAtdVsQgwY,Think School,27,2024-07-25T15:31:12Z
Inside Googleâ€™s $2.1B Office in a Transformed Freight Terminal | WSJ Open Office,A0gFgJuH_wg,The Wall Street Journal,25,2024-07-25T14:00:08Z
Vector Database: A Must-Know Guide,TPYBYSyDRH4,ByteMonk,27,2024-07-24T16:00:23Z
Meet The New Mark Zuckerberg | The Circuit,YuIc4mq7zMU,Bloomberg Originals,25,2024-07-23T16:00:28Z
Can a Driverless Car See Over Hills? | Waymo Ride Along #3,naZPZowU8ts,Autonomy Central,28,2024-07-18T00:17:38Z
Today I rode in a driverless vehicle ğŸ˜² #kendrakenshay #waymo,kvBOVamvOaM,Kendra Kenshay,26,2024-07-18T18:07:22Z
Dad son car wash moment #CarWash #Tesla #Tamil #Emotional #Tech #SiliconValley,-mKL9kxmNEg,Hobby Explorer Tamil,22,2024-07-19T10:30:00Z
Why the US has so many tornadoes,lsEA9tGMFQQ,Vox,27,2019-07-30T12:00:08Z
Why America Builds Better Brands Than India (Watch this video on your TV),Z-mKF5CqncY,Varun Mayya,28,2024-07-11T12:30:20Z
How will Skoda & VW cope in the tough Indian market | Deep Drive Podcast Ep. 17 | Autocar India,aLdKcnIkLsE,Autocar India,2,2024-07-20T06:55:19Z
FLY ME TO THE MOON - Official Trailer (HD),lW7enw6mFxs,Sony Pictures Entertainment,1,2024-04-08T13:59:06Z
A Good Girl's Guide to Murder | Official Trailer | Netflix,wA39lIDm75Y,Netflix,24,2024-06-26T13:00:00Z
Twisters | Official Trailer 2,Jm27YjLnPHc,Universal Pictures,24,2024-05-08T14:48:11Z
Is the Skoda Kodiaq 2024 the Best Family Car You Can Buy? | PowerDrift,Z8TSWRLzWaQ,PowerDrift,2,2024-07-18T12:30:21Z
What are AI Agents?,F8NKVhkZZWI,IBM Technology,27,2024-07-15T10:00:13Z
"EP 29: Engineering, Food & Content Creation | @krishashok  X Fries With Potate",Yq7wBcuq2cY,Fries With Potate,22,2024-07-14T11:04:42Z
Watch this before selling your mutual funds | Money Psychology,aBvcg66gENc,Zero1 by Zerodha,22,2024-07-10T12:32:52Z
Thalai Nagaram Remakeà®©à¯ à®šà®¤à¯à®¤à®¿à®¯à®®à®¾ à®à®©à®•à¯à®•à¯ à®¤à¯†à®°à®¿à®¯à®¾à®¤à¯! - Sundar C | #shorts,8bQK3spula0,Cinema Vikatan,24,2024-05-06T08:00:06Z
"When A R Rahman worked with Mridangam Sundar, Tamil Classical Instrument in Western Song",8cVd8H6xnaA,Editor Breakdown,22,2023-12-06T07:01:57Z
Kaavaalaa! #anirudh #nelsondilpkumar #jailer #superstarrajinikanth #sunpictures #shorts #kaavaalaa,Wkr3TVjrumE,Sun TV,24,2023-07-03T15:00:33Z
Concurrency made easy | System Design,zOhiZJn-5cY,ByteMonk,27,2024-07-03T11:01:02Z
"Keir Starmer: ""Boring"" Labour Leader Becomes UK's new Prime Minister | Vantage with Palki Sharma",6V2xT5TkQvI,Firstpost,25,2024-07-05T17:05:00Z
ğŸ‡ºğŸ‡¸America-à®² Gas Cylinder Unlimited. No Documentation. Expensive in USA. India Gas Cylinder is Cheap,wBN1fd0ihPU,Hobby Explorer Tamil,22,2023-10-13T04:59:03Z
Haircut in Berlin #tamil #information #haristyle #germany #berlin,T3x682Xcp2Q,Berlin Rover,26,2024-06-26T01:00:12Z
Beer Case recycling in Germany #tamil #information  #berlin,gt9nIb0nVUk,Berlin Rover,27,2024-04-30T01:00:16Z
ğŸ‡ºğŸ‡¸ Fancy Number Plates Part 2 ğŸš—,LYJEhFdXdfE,Hobby Explorer Tamil,2,2024-07-05T10:30:09Z
Orange juice maker in Berlin #tamil #information #berlin,Csi-2itqneo,Berlin Rover,19,2024-03-26T03:00:09Z
Package Fulla Panam dhan ğŸ¤‘ğŸ’°Income reveal ğŸ˜ Shadhik Azeez,4qtUdOUFh-Y,Shadhik Azeez,26,2024-07-03T15:36:05Z
ğŸ‡ºğŸ‡¸America-à®² âš¡ï¸ğŸ”‹ğŸ”ŒElectricity Crisis. Old Power Grid. Damaged Hook. Wild Fire. Texas Power Crisis.,BDIb7Sm_G_k,Hobby Explorer Tamil,22,2023-10-07T05:52:47Z
Should You Buy An Electric Car #shorts,6eLYt-10Zyc,Nikhil Kamath,22,2023-12-26T16:03:20Z
How to Join a VC Firm? #shorts,fl6m2igElws,Nikhil Kamath,22,2023-09-09T15:30:16Z
ğŸ‡ºğŸ‡¸American Dream vs Reality,3C4Pl3vosqk,Hobby Explorer Tamil,22,2023-07-14T06:23:59Z
EX Google Employee #bangalore #google #funny #shorts,7rQiz_BD71k,Kishore Raghunathan-Sketch Comedy,23,2024-03-21T13:15:00Z
Why Does Every Tech Company Have Head Offices in Ireland?,D3-Ziuob1gA,Money Uncharted,27,2023-08-19T11:53:39Z
Dior's $2800 Bag Costs Just $57 to Make! | Vantage with Palki Sharma,LkhQQOzfczc,Firstpost,25,2024-07-04T18:06:29Z
India's World Cup Winners Receive a Heroes' Welcome | Vantage with Palki Sharma,BuC4YEQgmsQ,Firstpost,25,2024-07-04T17:45:00Z
Why is Google & Apple's HQ in this small country?,WgVqxEmxx1E,Uptin,22,2022-11-06T13:15:01Z
1 day vs 10 years in Germany | Public Transport ğŸš‰,B9TSgu03T5o,Radical Living,24,2024-07-02T10:05:10Z
Why I Still Work After Achieving Financial Freedom? | PowerUp Money,tmtRXWRDDWk,PowerUp Money,27,2024-07-04T13:02:21Z
"Ep #18 | WTF, Alcohol is a $70B Business in India? | Nikhil Kamath explores Gaps & Opportunities",0JDsFpU6pGQ,Nikhil Kamath,22,2024-07-03T14:30:00Z
How Distributed Lock works | ft Redis | System Design,qY4MfWv01pI,ByteMonk,27,2024-07-01T12:45:04Z
Xerox and Printouts à®•à¯Šà®Ÿà¯à®®à¯ˆà®•à®³à¯ in Germany #tamil #information #berlin #germany,V1IBHsiIYyQ,Berlin Rover,27,2024-06-16T01:00:14Z
Ithu thaan maturity I Mayor priya vs Annamalai #seeman #mayorpriya,AKj7MhQTUqU,Vartaa Studios,24,2023-02-06T10:43:24Z
ğŸ‡ºğŸ‡¸ Google Robo Taxi San Francisco,yYoGOwcTsig,Hobby Explorer Tamil,22,2023-12-21T02:30:21Z
How California Burrito built a PROFITABLE â‚¹100 Crore Empire | GrowthX Wireframe,eZUqu7pJkk4,GrowthX,25,2024-06-27T13:34:46Z
The Secret Sauce Behind NoSQL: LSM Tree,I6jB0nM9SKU,ByteByteGo,22,2022-08-30T15:30:03Z
Stripe: A Trillion-Dollar Side Hustle,kQeJJUvHZ-M,Logically Answered,27,2024-06-24T19:00:19Z
How YouTube Beat Netflix And Disney In The Streaming Wars,TaB-JPlzELo,CNBC,25,2024-06-26T16:00:24Z
Top 7 Ways to 10x Your API Performance,zvWKqUiovAM,ByteByteGo,22,2023-07-27T15:30:21Z
How LinkedIn improved their latency by 60%,DgNncAnhkIY,Arpit Bhayani,28,2024-06-28T11:00:19Z
Whistle Azhagiya Asura Song 4K | 5.1 DTS | Whistle Movie Songs 4K | 4KTAMIL,tkxv02EcysA,Top Ten India,22,2020-01-08T14:53:43Z
ğŸ¤£ ABCD meets EFGH ğŸ™„,maSDOAiBnGc,Hobby Explorer Tamil,22,2024-04-02T05:17:30Z
Population of the USA ğŸ‡ºğŸ‡¸ Why 80% of Americans Live East of This Line?,p5DfhG_DKSk,GeoGlobeTales,24,2024-03-02T21:37:17Z
Bengaluru to san francisco flight || one of the longest international flight from india!ğŸ˜± #shorts,bm40XvmZE5w,Aviationaddict__,22,2024-05-04T17:30:03Z
1 day vs 10 years in Germany | Biking ğŸš²,uUmXwnJ5zog,Radical Living,24,2024-06-20T11:00:52Z
"From Paying EMIs to â‚¹ 90,000 Passive Income",Y4NDRFQggjI,Wint Wealth,24,2024-06-27T12:22:36Z
Financial Health Check - 15 Questions to Find your Finance Score,46WFDd_-Vzk,Finance Boosan,27,2024-06-26T14:14:41Z
Miraj Cinemas à®‡à®©à¯à®±à¯ à®ªà¯†à®°à¯à®®à¯à®ªà®¾à®•à¯à®•à®¤à¯à®¤à®¿à®²à¯ à®¤à®¿à®±à®•à¯à®•à®ªà¯à®ªà®Ÿà¯à®Ÿà®¤à¯. #miraj #Mirajcinemas #chennai #perumbakkam,_Fp8hMUJOI8,CJ_SETTU,22,2024-06-27T14:45:16Z
How I Built a Healthy Snack Company and Sold It For 500 Crores,_DU6GL0BfsE,GrowthX,25,2024-06-20T13:55:24Z
HAPPINESS: The Philosophical Secret to Happiness,BM2_kcM_d5M,Max Joseph,27,2024-06-05T14:00:07Z
HAPPINESS: The Secret of Scandinavian Happiness,6_HJWiUIxs8,Max Joseph,19,2024-05-22T14:00:07Z
HAPPINESS: The Science of How To Be Happy,nlQQxvfSotQ,Max Joseph,28,2024-05-08T19:16:08Z
How to Build Wealth - Financial Expert Reveals his 15 Yrs Journey ft.  @pattufreefincal,lI2L6DLvQGU,Finance Boosan,27,2024-06-22T14:00:50Z
"6 Simple Dutch Habits for Happiness, Health and Self Care",SA1WAMJJTEA,Simple Happy Zen,26,2024-04-27T13:00:21Z
"Gen AI Study Material, Roadmap, Impact ft. Mike Chambers (AWS AI Expert)",dhyyRAYx19w,Cloud With Raj,27,2024-06-14T14:24:03Z
"EP 28: Independent Music, Goals & Banter | Fries With Potate X Sai Abhyankkar",g_zIBrA9Gg4,Fries With Potate,22,2024-06-21T11:34:19Z
Lealakku Lealakku -Aathi Tamil Movie Video Song 4K Ultra HD Blu-Ray & Dolby Digital Sorround 5.1 DTS,vzle9Roux30,Joseph Vijay Studio,22,2021-07-08T14:11:54Z
Sivakasi Tamil Movie - Deepavali Song | Vijay | Asin | KK | Vasundhara Das,-KDRNW8MWOU,AP International,24,2012-06-21T09:42:59Z
Sachin Theme Song Full Video 4K | Sachien Tamil Movie | Vijay | Bipasha Basu | Genelia | DSP,QiB8EHYfD2g,AP International,24,2017-11-25T10:30:00Z
Sukran   Sathikadi Pothikadi Ultra HD Video Song,-FGieeXZYbI,TREND ONE TAMIL,22,2019-08-09T06:29:27Z
Akasavaani Song | Priyamudan | Vijay | Hariharan | Deva,JT7sJMmrudc,E Songs,1,2015-10-31T09:57:29Z
Anbe Anbe HD | Hariharan Hits | Deva Tamil Songs | Nenjinile | Thalapathy Love Songs,_2ejZH3Tzfo,Master Music Collection Songs,24,2023-02-28T13:30:13Z
#TheGOATBdayShots | Thalapathy Vijay | Venkat Prabhu | Yuvan Shankar Raja I AGS Entertainment,nJDclWEjGPA,AGS Entertainment,1,2024-06-21T18:31:00Z
Ather Rizta 2024 First Impressions | S02E23,iE7GB_6S_5g,MotorInc,2,2024-06-20T04:00:23Z
"Something Between You & Me | ft. Pandian Stores 2 Akash Premkumar, Maga | Tamil Short Film | JFW |4K",xUdcYCnKGtI,JFW - Just for Women,24,2024-06-18T09:00:47Z
Messages via Satellite in iOS 18: First Look,v30z-0bGbHQ,CNET,28,2024-06-13T13:01:02Z
What is a GPU vs a CPU? [And why GPUs are used for Machine Learning],XKOI9-G-wk8,Danielle ThÃ©,28,2019-04-01T13:42:21Z
GPUs: Explained,LfdK-v0SbGI,IBM Technology,28,2019-03-20T19:15:25Z
How does a graphics card work? GPUs and Graphics cards explained.,Kgcfj_KV-mo,"Basics Explained, H3Vtux",27,2020-03-18T14:34:20Z
Biggest AI announcements from Apple's WWDC 2024,p2dhZ3AoDDs,The Verge,28,2024-06-10T19:20:03Z
Meet the New Members of Modi's Cabinet | Vantage with Palki Sharma,9vZog6ZAB5U,Firstpost,25,2024-06-09T16:38:28Z
How to pick a Mutual Fund?,7c4ZJ-ljRMw,Zero1 by Zerodha,22,2024-06-04T12:30:04Z
Indian Elections: Last Week Tonight with John Oliver (HBO),JTwaXIUepdk,LastWeekTonight,24,2024-06-06T11:00:16Z
Congratulations to Mr. Joseph Edathala and  family,p88ThTbdIgU,EVM Autokraft,2,2024-05-08T05:03:10Z
Toilet à®•à¯Šà®Ÿà¯à®®à¯ˆà®•à®³à¯ in Germany | WC | #tamil #information #germany,R9ZquQDGQlk,Berlin Rover,27,2024-06-01T01:00:28Z
First Day as a Factory Worker #shorts #viral #reactvideos #construction,qj3rkV8SZUg,Kingnxxtdoor,17,2024-05-13T06:25:00Z
Anirudh - HUKUM Tour Australia - A Short Film,G3K4FHVXv0Q,Anirudh Ravichander,1,2024-06-08T04:00:18Z
Living On a 50 Lakh Salary: Dehradun VS Bangalore,ADlmQRzA258,Wint Wealth,24,2024-06-06T12:49:58Z
Qubo Smart Security system that takes innovation to a new level.,6WcOT5ZYKEI,Tech Makhnified,26,2024-05-29T13:30:09Z
The Rise of India as a Global Economic Power | Bloomberg Originals Marathon,AvZ2BvzNbFo,Bloomberg Originals,25,2024-06-01T12:00:16Z
Are EVs Sensible or Hyped? | Electric Bikesâ€™ Future | Tarun Mehta,h5MQd7dXijk,AutoYogi,2,2024-05-14T13:32:34Z
Why I RETURNED the Ray Ban Meta Smart Glasses with a Camera,_PhGQLIztog,Gemini Connect,28,2024-04-04T12:00:34Z
Rajinikanth Tamil Hits 2017 | Chandramukhi Songs | Athinthom Video Song | Rajinikanth | Nayanthara,2YnJ5nA2lpA,API Tamil Songs,24,2017-11-01T11:30:01Z
Enna Azhagu Ethanai Azhagu - Video Song | Love Today | Thalapathy Vijay | Suvalakshmi | Sun Music,7G3SoRhAiKw,Sun Music,24,2023-09-22T12:30:05Z
Why is Kerala Falling Into an ECONOMIC crisis? Why did Supreme Court intervene? Explained in Detail,j7u7AErcYB8,Think School,27,2024-03-29T14:00:07Z
Why Indian Students In US Are Struggling To Get Jobs? US Based Author Explains,MG2bQfYj1pE,NDTV,25,2024-05-10T06:57:09Z
What Is The Agnibaan? Agnikul Cosmos' Co-Founder Explains It All,T0wkC5NEGrA,NDTV Profit,25,2024-05-30T09:30:07Z
From Start-Ups To Unicorns: How IIT Madras Research Park Is Shaping Indian Entrepreneurs,9iRHFokRm7Q,moneycontrol,25,2023-03-16T10:30:06Z
Mahindra XUV 3XO First Impressions | S02E21,MNBpJ2woDS0,MotorInc,2,2024-05-30T04:00:23Z
Which mutual fund is best for you? | Money Psychology,8Ktn9IfKVYE,Zero1 by Zerodha,22,2024-05-14T11:30:05Z
Gen AI Course | Gen AI Tutorial For Beginners,d4yCWBGFCEs,codebasics,27,2024-04-26T13:30:22Z
Competition in AI: How Big is the Pie? | World Economy Summit 2024 | Semafor,yFRs2uWQkt8,Semafor Events,25,2024-05-10T21:14:32Z
Claiming Early Retirement for Yourself While Facing the World's Judgement,TyXR1wycH78,CampFI - Together We FI,27,2024-05-15T16:00:34Z
Rafah ğŸ‡µğŸ‡¸ Explained ğŸ‡®ğŸ‡± | Madan Gowri | MG Squad ğŸ––ğŸ»,JVkIxGNHPfI,Madan Gowri,27,2024-05-28T15:56:41Z
Why are Indians spending more than ever before? | Money Psychology,ThnWNTGaeks,Zero1 by Zerodha,22,2024-02-09T14:00:08Z
How Much Money Do You REALLY Need?,3EK2s2XLWXc,Zero1 by Zerodha,22,2024-02-02T13:30:09Z
Upgrade a Java App with Amazon Q Developer Agent for Code Transformation  | Amazon Web Services,63KCD7fvu4s,Amazon Web Services,28,2024-04-30T12:40:19Z
Upgrade your Java applications with Amazon Q Code Transformation | Amazon Web Services,uXQJUaEBOaw,Amazon Web Services,28,2024-04-02T22:56:24Z
Retirement corpus: How much Indians must save & withdraw ? Detailed Research ft. Ravi Saraogi,h_x-7-qe6RQ,Zerodha Varsity,27,2024-04-24T13:30:17Z
Life Lessons From The First Year of Early Retirement,z3JPRCA6v_I,CampFI - Together We FI,27,2024-05-08T16:00:52Z
All You Need to Know about BUY NOW PAY LATER | Ep. #17 ft. Axio,AwC0lQ4UkoI,Masters' Union,27,2024-05-25T07:42:06Z
How Passive Income Helps Them Travel in Their 50s?,4kihtTDHii8,Wint Wealth,24,2024-05-25T12:42:25Z
"Future of Diesels, EVs, Thar 5 Door | ft. Mr Velusamy | MotoCast EP-117 | Tamil Podcast | MotoWagon.",VAwsmS6C2RQ,MotoWagon,2,2024-05-22T10:30:11Z
Blinkitâ€™s Genius Strategy that stunned Amazon and Flipkart | Business Case Study,OGs2YsqvWDg,Think School,27,2024-05-24T13:00:08Z
Elections & markets: What to expect after 2024 polls | Analysis reveals surprising trends,PK73Sv5GGaA,ET Money,27,2024-04-28T07:30:06Z
How JioCinema live streams IPL to 20 million concurrent devices w/ Prachi Sharma | Ep 7,36N1Bz7qW0A,Arpit Bhayani,28,2024-05-17T11:00:06Z
Google CEO Sundar Pichai says AI search will actually help the web,lqikP9X9-ws,The Verge,28,2024-05-20T14:00:39Z
Microsoft vs. Apple: Satya Nadella Says AI-Focused Copilot+ PCs Beat Macs | WSJ,uHEPBzYick0,The Wall Street Journal,25,2024-05-20T19:22:22Z
Kadhal Desam Tamil Movie Songs | Hello Doctor Video Song | Vineeth | Tabu | Abbas | AR Rahman,sIhrvSbi4dw,API Tamil Songs,24,2017-11-13T11:30:01Z
How Much Money Do You REALLY Need?,JS6ZvdlNi2s,Wint Wealth,24,2024-05-16T12:00:29Z
Google I/O 2024 keynote in 17 minutes,MzHCWZB5ZpE,The Verge,28,2024-05-14T22:30:22Z
How to use Generative AI for App Modernization,kY7ak0p4tZM,IBM Technology,27,2023-09-20T11:00:39Z
Is Code Generation with AI the New Programmer Tool of Choice?,Z_OSq0eh2xM,IBM Technology,27,2023-12-06T12:00:30Z
AI Systems vs Traditional Coding,P7lryCIvxgA,IBM Technology,27,2024-02-13T12:00:18Z
The most important AI trends in 2024,sGZ6AlAnULc,IBM Technology,27,2024-03-06T12:00:53Z
What is LangChain?,1bUy-1hGZpI,IBM Technology,27,2024-03-15T11:00:03Z
How Compounding Works? Problem with Stocks & Mutual Funds,r9R2jrxA1cw,Finance Boosan,27,2024-05-11T07:47:13Z
Where to invest?,237IvAFfhV8,Investment Insights Tamil,27,2024-05-11T13:00:04Z
Dua Lipa Monologue - SNL,paq4ZXOhJ1U,Saturday Night Live,23,2024-05-05T04:23:03Z
mokobara transit 30l backpack - Unboxing and Review | Is this the best backpack?,XzZBAT1JTWs,Teju's World,24,2024-01-03T12:00:24Z
Asian paints marmarino multitone design,ujKwyUjX96Y,Royale play trainer,22,2023-01-26T16:07:35Z
Royale Play Luxe - Mineral,L2sBezxhbEA,Asian Paints,26,2022-10-14T08:30:18Z
Asian Paints Royale Play Mirror Stucco,caFHgKbvuDI,Asian Paints,26,2023-08-09T14:16:34Z
Decorate with Cheerful Yellows,Zoxmh2H7GRs,Asian Paints,26,2013-08-22T10:56:45Z
Bloody Beggar - Promo Video | Nelson Dilipkumar | Kavin | Sivabalan Muthukumar | Jen Martin,7YpB7suzrto,Think Music India,1,2024-05-03T12:30:02Z
NEW Mahindra XUV 3XO Driven â€” Is This Finally A Solid Contender? | Review | PowerDrift,XWj3J96EgjQ,PowerDrift,2,2024-05-02T05:30:16Z
Amazon set to report first-quarter earnings after the bell: Here's what you need to know,YllqrZczkvs,CNBC Television,25,2024-04-30T19:26:06Z
AMAZON (AMZN) Q1 Earnings Analysis,5zWVlMFDctw,The Investor Channel,27,2024-04-30T21:04:53Z
Amazon stock pops after earnings beat,Npprr3V3xuI,Yahoo Finance,25,2024-04-30T21:53:06Z
DynamoDB Partition Key: 5 Things You Must Know Before It's Too Late (AWS),1xJTT4Jq7Hk,Gokce DB,27,2023-04-09T17:30:17Z
How Discord Stores TRILLIONS of Messages,O3PwuzCvAjI,ByteByteGo,22,2023-06-15T15:30:06Z
"I Live Above A Mall In Miami, FL For $4,150/Month | Unlocked",6WhHSR6nmhc,CNBC Make It,25,2024-04-30T16:00:04Z
"NEW XUV 3XO â€” ADAS, Panoramic Sunroof and More â€” First Look | PowerDrift",JEi--FcCBL0,PowerDrift,2,2024-04-29T19:50:59Z
Latency Numbers Programmer Should Know: Crash Course System Design #1,FqR5vESuKe0,ByteByteGo,22,2022-10-04T15:00:11Z
"Donâ€™t RENT A House, BUY IT | Ep 24",lBE0ARlYzxo,Finance With Sharan,22,2024-04-29T13:00:49Z
Capacity Planning and Estimation: How much data does YouTube store daily?,0myM0k1mjZw,Gaurav Sen,27,2020-01-15T17:55:00Z
Back-Of-The-Envelope Estimation / Capacity Planning,UC5xf8FbdJc,ByteByteGo,22,2022-09-13T16:44:32Z
How to solve capacity estimation problems faster? | Thumb rules and quick tips | System Design,VBw703pjC3E,sudoCODE,27,2021-06-03T13:41:39Z
Make Your first â‚¹1 CRORE with this 3 Practical Ways | Compounding | Mutual Funds,APblZaXghA8,Finance Boosan,27,2024-04-23T11:15:02Z
Ghilli Movie Review By Baradwaj Rangan | Vijay | Trisha | Dharani,65h7nMb3vWc,Galatta Plus,24,2024-04-28T12:37:12Z
My honest advice to someone who wants financial freedom,BBAuhqvT_ds,Ali Abdaal,27,2024-04-23T13:00:10Z
The Google File System - Paper Explained,LXhgFAZroG8,Arpit Bhayani,28,2024-02-17T10:12:32Z
Xiaomi EV Factory,yezR-mH12xs,Xiaomi,28,2024-04-25T11:35:33Z
System Design Mock Interview: Design a Rate Limiter (with Meta Engineering Manager),SgWb6tWx3S8,Exponent,27,2022-10-26T17:19:34Z
Engineering Manager System Design Interview (Wealthfront EM): Design YouTube,1xV5WI0OFkg,Exponent,24,2021-09-20T15:15:00Z
We Make $227K A Year - And Budget $19K A Month,IIGpXXvlapM,CNBC Make It,25,2024-01-11T17:36:23Z
Countries to TRAVEL below 1.5 Lakh Budget,E8TZBjJmUmk,Wint Wealth,24,2024-03-20T14:38:53Z
How This IIT Madras Professor Got Financially Free?,2yOd_VW9GZ8,Wint Wealth,24,2024-04-17T13:01:42Z
Unfiltered Observations on Leadership Roles in Tech (And How To Be a More Effective Leader Yourself),lNicVwRtrf4,Shreyas Doshi,28,2024-04-12T21:03:54Z
Mahindra XUV400 2024 First Impressions | S02E15,cjNVvyGJMrU,MotorInc,2,2024-03-31T04:00:30Z
Quick commerce is the future: Info Edgeâ€™s Sanjeev Bikhchandani & Zomatoâ€™s Deepinder Goyal,URlG03jaPQk,Forbes India,25,2024-04-03T05:15:55Z
How Tesla Became The Most Popular Car Brand In Norway,xkRv2M--uzs,CNBC,25,2024-03-16T16:00:42Z
Home Loan of 1 CRORE: Can They Retire at 40?,OdNsvYTjYtI,Wint Wealth,24,2024-04-06T05:30:08Z
How The Internet Travels Across Oceans,yd1JhZzoS6A,Tech Vision,28,2021-11-17T02:26:42Z
Mrunal Thakur Interview With Baradwaj Rangan | Conversations | Family Star,iLZGEvJFrHA,Galatta Plus,24,2024-04-03T10:35:59Z
How Temuâ€™s Explosive Growth Is Disrupting American E-Commerce | WSJ,5jG-1FfGx5c,The Wall Street Journal,25,2024-03-11T14:00:03Z
What Are You So Worried About (It Doesn't Help!) | Spark,5rXpZMk6Q-c,MotorInc,2,2024-03-28T04:00:06Z
What the Red Sea ship attacks are really about,nPhTwmylZi8,Vox,25,2024-03-26T00:00:31Z
40 Harsh Truths I Know at 40 but Wish I Knew at 20,lwmVAWXQyY4,Mark Manson,27,2024-03-09T17:00:35Z
"Asics Japan S WHITE MIDNIGHT - Unboxing, Detailed Look & On Feet",UiMgj6_IUow,MrSnoot,24,2022-05-02T22:50:46Z
Honda Elevate 2024: Should You Buy One?,Yz-nbVy2sI8,MotorInc,2,2024-03-21T04:00:15Z
My first tattoo experience - The journey behind it. #carpediem #reels #shorts #tattoo @needle_n_skin,FjdODZi7PqI,Aravind G,24,2023-10-04T18:14:02Z
carpe diem#tattoo #short #viral #shortsvideo #trending,Sva8PgDpfl0,AKASH ROY,22,2023-01-07T12:07:44Z
Carpe Diem Tattoo | Butterfly tattoo #tattoo #youtube  #artist  #butterfly #shorts,6LN4aI6TtRw,Viral Tattoo Ink,24,2023-09-15T06:45:05Z
Carpe diem Tattoo ğŸ˜€ğŸ¤ #carpediem #carpediemtattoo #girltattoo #forearmtattoo #tattooforgirls,QpnmRifM0Lw,Ritual Tattoo Studio Ekkattuthangal Chennai,22,2023-12-10T14:29:13Z
Carpe Diem - Sieze Your Day â¤ï¸ | Inkscript Tattoo #shorts,rQsbyyoDoB8,VikiJay,24,2021-12-10T06:30:08Z
Carpe Diem Tattoo | Meaningful Tattoo,89NosdcfNZg,Incredible Ink Tattoos,26,2021-06-15T04:00:27Z
Coding Best Practices With Examples | Code Review Best Practices,rii6QRX8ZLs,codebasics,27,2020-04-17T22:15:10Z
Are You Ready | All Original. All New.,6UH2bOLorWQ,Prime Video India,24,2024-03-19T14:34:03Z
"How to Disconnect from Work-Related Email / Slack / Texts, with Confidence",1JNl0rPZFMw,Shreyas Doshi,28,2024-03-21T13:52:00Z
"Volkswagen will bring POLO in some form soon! - Brand Director, Ashish Gupta",7NZdKUlYxLI,Sunderdeep Singh,2,2024-03-21T18:57:46Z
5 Financial Stories,0GT2bYm2pSE,Investment Insights Tamil,27,2024-03-16T14:45:00Z
From Manager To Leader,9eUYIuzYZ-A,Meera Remani Coaching,27,2024-03-16T15:45:00Z
The Å koda Epiq: The next step in our electric evolution,VNjT9Kf65lE,Å koda,2,2024-03-15T10:09:01Z
"The Corporate Language - Don't say ""Sorry"" When You can say ""Thank You"" | Career Talk",-07A_FEQeMA,Career Talk,27,2024-03-15T15:27:06Z
Welcome to Hyderabad Video Song | Premalu | Vishnu Vijay | Shakthisree Gopalan | Kapil Kapilan,AR0LKoBvSs0,Red Giant Movies,24,2024-03-14T05:58:44Z
Premalu Tamil Trailer | Naslen | Mamitha | Girish AD | Bhavana Studios | Red Giant Movies | March 15,jUmwDF0RSSI,BHAVANA STUDIOS,24,2024-03-13T05:29:48Z
The Creta N Line takes on a Paraglider! | Live Unleashed Ep. 1 | PowerDrift,raele6pYXLY,PowerDrift,2,2024-03-15T15:08:32Z
Hyundai Creta N Line Review - The new family + Petrolhead favourite | PowerDrift,Tjg8seJEfbA,PowerDrift,2,2024-03-15T07:12:04Z
"First Kiss | Tamil Romantic Short Film | ft. Magalakshmi, Rohan | JFW | 4K | #firstkiss",U95u0o-jwXo,JFW - Just for Women,24,2024-03-14T09:00:30Z
"Glass Bowl | Ft. Kanmani Manohar, Dev | Tamil Short Film | JFW | 4K",937MdOzxPhQ,JFW - Just for Women,24,2024-03-09T09:00:12Z
Premalu Tamil Official Trailer | Naslen | Mamitha | Girish AD | Red Giant Movies,XRz_K-pzXOI,Red Giant Movies,24,2024-03-13T05:30:10Z
9 Mistakes Every Investor Makes | Why People Lose Money In Stock Market?,9I4T0K7cm0I,Finance Boosan,27,2024-03-10T05:45:00Z
BEST INDEX to invest for 15-20 years? Nifty LargeMidcap 250 Index | Complete Review,e_VCy7fWGl0,Finance Boosan,27,2024-03-07T11:15:02Z
à®ªà®¾à®°à¯à®¤à¯à®¤à®¤à¯à®®à¯ à®ªà®Ÿà®¿à®¤à¯à®¤à®¤à¯à®®à¯ (Ep. 9) - Is Nvidia the new Tesla?,AEFU21jAYPg,Investment Insights Tamil,27,2024-03-08T15:06:50Z
How These Couples Travel The World? [Travel Budgeting Guide],0TEDCB-7bQA,Wint Wealth,24,2024-03-10T08:16:31Z
Citroen C3 Aircross First Impressions | MotorInc First S02E13,j7RMGp0wlOA,MotorInc,2,2024-03-10T04:00:30Z
The Idea of You - Official Trailer | Prime Video,V8i6PB0gGOA,Prime Video,24,2024-03-06T15:00:24Z
Guna and the boys #Ulaganayagan #KamalHaasan #ManjummelBoys,sFrhHUzsr3U,Raaj Kamal Films International,22,2024-03-03T06:00:11Z
Manjummel Boys Movie Review By Baradwaj Rangan | Soubin Shahir | Sreenath Bhasi | Chidambaram,bFW7hhxBcLk,Galatta Plus,24,2024-03-07T12:14:49Z
Guard Your Willpower | @ShadeZahrai  #shorts,aMynGcWFy2o,ShadÃ© Zahrai,26,2023-11-09T13:36:20Z
How To Deal With Toxic Coworkers,gd_q_evF6QI,A Life Engineered,28,2024-03-02T16:00:32Z
Reality of Corporate World: These SIX things help you GROW | Career Talk With Anand,sKDN__DGPGI,Career Talk,27,2024-03-05T14:15:10Z
Introducing All-New Thar Earth Edition in Desert Fury Colour,8ZcfEfzvj2M,Mahindra Thar,2,2024-02-27T12:24:03Z
cool coffee #shorts #streetfood #viral #video #night drink #AH22,MYk9ZZ0TWgs,AH22,22,2024-02-15T06:46:36Z
The Real Reason Behind Unfinished Goals | @ShadeZahrai  #shorts,FUs2PThD3qs,ShadÃ© Zahrai,26,2024-03-01T14:42:14Z
Art of Love | Official Trailer | Netflix,f77agh-CZ-c,Netflix,24,2024-02-19T08:00:00Z
à®µà®¾à®´à¯à®•à¯à®•à¯ˆ à®®à®¾à®± 2 à®¨à®¿à®®à®¿à®Ÿà®®à¯ à®ªà¯‹à®¤à¯à®®à¯ | Sujith Kumar Latest Speech,X8JStWqpelE,Vetriyin Vazhi,22,2024-02-19T08:30:12Z
Article 370 Movie Review By Baradwaj Rangan | Yami Gautam | Priya Mani,i3zcMk5hlxk,Galatta Plus,24,2024-03-01T07:48:48Z
Stop Apologizing!,5H8TMWLsoC0,Meera Remani Coaching,27,2024-02-29T15:45:01Z
Minutes from car production: Bodywork painting,SMSMja52DAI,Å koda,2,2024-02-27T11:52:51Z
Marcus Aurelius' Trick To Accepting Everything Life Throws At You,V6_QwkMwo1M,Daily Stoic,27,2024-02-26T22:23:49Z
"Payment Gateway, Payment Processor and Payment Security Explained",hWQCiO04CXk,ByteMonk,27,2024-02-25T13:00:37Z
Books every software engineer should read in 2024.,Y2iJOPxw0JU,Engineering with Utsav,28,2024-02-25T15:00:24Z
Shh...ğŸ¤«ğŸ˜‚#homecleaning #cleaning #smarthome #homedecor #gadgets #products #home #usa #canada #uk,akAJZDoPAW0,Life Hacks,22,2023-09-26T03:11:22Z
"Article 370: The Prologue | Yami Gautam, Priya Mani | 23rd Feb 2024 | Jio Studios | B62 Studios",iBfc3Y7bOVw,JioStudios,1,2024-02-19T06:30:04Z
#dropin from different level #karenjoe #sister #skateboarding #kerala,NSoELutI50w,Zarah Skater,17,2023-12-09T00:11:42Z
AI Engineer Roadmap | How I'd Learn AI in 2024,MhCHrvfAXlc,codebasics,27,2024-02-22T13:30:11Z
2X your money in 4 years? | Rule of 72,9RvM2v3Uig0,Finance Boosan,27,2023-12-17T11:43:23Z
Exit Load in SIP | Beware while Selling your mutual funds,uju1XgpFh80,Finance Boosan,27,2024-01-29T15:04:59Z
What happens to a bullet that is fired vertically upward in a celebration? Air Pistol,92KyXgiu6KY,Let's Make Education Simple,27,2024-01-26T04:37:22Z
à®¨à®£à¯à®ªà®°à¯à®•à®³à¯ at House Warming ğŸ˜…  #ramkumarcomic #standupcomedy #shortsvideo #tamilcomedy,49OjSEC4N8Q,ramkumarcomic,23,2024-02-13T13:59:50Z
Managing Up,BXvn7VORo4A,Shreyas Doshi,28,2023-09-24T18:00:07Z
"How Nvidia Grew From Gaming To A.I. Giant, Now Powering ChatGPT",d3L2uPuxOxU,CNBC,25,2023-03-05T17:00:25Z
Kadhalikkum Aasai Video Song 4K | Chellame Songs | Vishal | Reema Sen | AP International,w8yE93WuTnQ,AP International,24,2018-11-24T10:30:01Z
Iruvathu Kodi - Video Song | Thullatha Manamum Thullum |  Vijay | Simran | Sun Music,62zLStIsqp8,Sun Music,24,2023-04-22T13:08:27Z
Apple Vision Pro Review: Tomorrow's Ideas... Today's Tech!,86Gy035z_KA,Marques Brownlee,28,2024-02-04T01:40:14Z
How They Earn a 1 CRORE Salary in India? (Salary Negotiation),SzbwibyiNkE,Wint Wealth,24,2024-01-28T13:38:00Z
How BYD killed Tesla! But can they stay on top?,LFezE7JpXfo,DW REV - Cars & Mobility,2,2024-01-27T10:00:22Z
Indian Air Force Band X Fighter | Film By Siddharth Anand | In Cinemas On 25th Jan,9FUS6dKu148,Viacom18 Studios,24,2024-01-24T06:19:01Z
Fighter Movie Review By Baradwaj Rangan | Hrithik Roshan | Deepika Padukone | Anil Kapoor,5ozGXMDqkn4,Galatta Plus,24,2024-01-25T12:54:54Z
Project Madras - OpenWorld Gameplay Showcase,ra-lYQAhbB8,Project Madras,20,2023-10-31T10:30:23Z
I Left Amazon (not clickbait),JG9lGCybKWM,A Life Engineered,28,2024-01-17T17:00:23Z
Leadership Branding for 2024 [incl. Activity],qwQVfQTBEiI,Kara Ronin,27,2024-01-02T12:00:42Z
How to Move from Manager to Leader or Executive Level: 5 Powerful Insights!,HsyYnY674sE,Kara Ronin,27,2024-01-16T12:00:12Z
Sam Altman's Advice To People In Their 20's,OtIoaI2CFh4,cody morgan,24,2024-01-11T15:50:36Z
Why Trust is Key to High-Performing Teams,P8ojeO9za84,Simon Sinek,22,2023-04-14T14:00:26Z
7 Methods to Motivate Your Team | Motivating Your Team | Team Motivation | How to Motivate The Team,aTa1sHBlnqk,Rajiv Talreja,22,2021-07-28T14:12:33Z
If I Were Looking For A Tech Job In 2024 I'd Do This,fOnUAAUXC1E,A Life Engineered,28,2024-01-13T20:30:03Z
2023 Review/2024 Predictions (à®¤à®®à®¿à®´à¯),TdQUBXl1C74,Investment Insights Tamil,27,2024-01-14T04:29:03Z
How The Top 1% Of Engineers Are Judged,b6P83dtntKo,Rahul Pandey,27,2024-01-08T14:30:11Z
Best Ways to Invest (2025 Edition) | The ULTIMATE INVESTING GUIDE for Beginners,VofoFd_jW7g,Finance Boosan,27,2024-01-07T16:17:16Z
12th Fail Movie Review By Baradwaj Rangan | Vidhu Vinod Chopra | Vikrant Massey | Medha Shankar,n0VmvBlNpOs,Galatta Plus,24,2023-10-24T11:32:39Z
Sprite la slime panalam vanga chellakutties ğŸ˜±ğŸ¤¯#shorts #youtube #trending @Cadmargaming,Evr0cubBmes,Crafter Vinisha Vijayakumar,24,2022-05-13T09:33:31Z
how to make small study tableğŸ¥°ğŸŒˆ or drawing table without cardboard|diy study table|Cs craft,GY8DvGLROJ8,CS Craft,26,2021-05-30T05:35:00Z
20 Whitepapers that changed the world [For Senior Software Engineers],WWGM4hY34pI,Gaurav Sen,27,2023-10-04T13:30:22Z
"5 Perfect Resolutions for 2024 ft. Ananya Panday, Siddhant Chaturvedi & Adarsh Gourav",toz2AVRsEPU,Netflix India,24,2023-12-31T13:30:00Z
Mumbai iconic places in 60 Seconds | 7 must visit places on one day,vljZaNmSHL8,Travel With AB,19,2023-02-02T13:26:04Z
Rom-coms vs real life romance,Vn_6-r1tBdg,Content Machine,23,2023-12-08T14:00:19Z
"Skoda Kushaq Monte Carlo - 10,000km Long Term Review | Autocar India",pw-7tzdYtAw,Autocar India,2,2023-12-18T06:30:13Z
7 CLEVER Finance Rules for everyone | Take Control of your Personal Finance,uJG-IjBux1c,Finance Boosan,27,2023-12-15T15:25:39Z
BEST Index Fund - Top 5 Nifty 50 funds - à®¤à®®à®¿à®´à¯,h3UDtFnw5as,Finance Boosan,22,2023-01-25T04:45:01Z
This New Pixel Feature Works Like Magic!,kBznA1cKgiY,Beebom,28,2023-12-16T15:16:56Z
"à®¤à®™à¯à®• à®¨à®¿à®±à®¤à¯à®¤à¯à®•à¯à®•à¯à®¤à®¾à®©à¯ à®¤à®®à®¿à®´à¯ à®¨à®¾à®Ÿà¯à®Ÿ à®à®´à¯à®¤à®¿à®¤à®°à®Ÿà¯à®Ÿà¯à®®à®¾ à®ªà®¾à®Ÿà®²à¯ | Thanga Nirathuku song | Vijay, Swarnalatha",nA1qfPJ_B64,4k Classic Movies & Song,24,2023-05-02T12:30:24Z
How To Overcome Crippling Impostor Syndrome,hxMBqYhY9Rs,A Life Engineered,28,2023-12-15T17:00:48Z
How Did He Make His First Crore?,y1gcwSr9gLg,Wint Wealth,24,2023-12-15T10:30:18Z
How Are DINKS Winning The Economy? | Vantage with Palki Sharma,sekzD_GStqw,Firstpost,25,2023-12-12T18:15:01Z
From The Directorâ€™s Desk | Anupama Chopra | Film Companion,RIQCJ62EOAQ,Film Companion Studios,24,2023-12-08T14:30:10Z
The Archies Movie Review By Baradwaj Rangan | Zoya Akhtar | Agastya | Suhana Khan | Khushi Kapoor,Tck_R73cNmc,Galatta Plus,24,2023-12-07T08:00:24Z
HOW TO MAKE A BOBA PAPER SQUISHY super easy! - tutorial,RVQFT5_jhs8,Flow DIY,22,2021-02-06T01:01:34Z
HOW TO MAKE A BLIND BAG + HOW TO MAKE PAPER SQUISHIES **easy tutorial** | applefrog,hsUXLIP_e0g,applefrog,22,2023-08-21T15:48:00Z
How to make an Origami Gift Bag | DIY - Easy way to make no glue Paper Bag video Tutorial,UCKEEEAzUw0,Craft with Sahar,26,2020-09-03T08:31:57Z
How to make a PAPER BAG ? Easy+Quick,ESuxIr_i1XI,For you,26,2017-01-15T11:55:21Z
"Cara Membuat Dompet dari Kertas Buku, Keren !!",icADNaKF25U,Lampahing Ati,26,2023-05-05T04:06:17Z
How to make a Paper School Bag // Backpack Origami // Easy Origami Paper School Bag,7qpOfcdGyj4,Mukta Art & Craft,26,2020-06-11T11:06:23Z
Origami Paper Bag | How To Make Paper Bags with Handles | Origami Gift Bags | school hacks,GXmtMAP1m_0,Tonni art and craft,26,2020-05-24T05:37:21Z
ĞÑ€Ğ¸Ğ³Ğ°Ğ¼Ğ¸ ĞŸÑ€Ñ‹Ğ³Ğ°ÑÑ‰Ğ¸Ğ¹ ĞšĞ¾Ñ‚Ğ¸Ğº Ğ¸Ğ· Ğ±ÑƒĞ¼Ğ°Ğ³Ğ¸  | Origami Jumping Paper Cat,JvmXVeem2lI,Hello Origami,26,2022-03-01T14:15:00Z
LLM Explained |  What is LLM,67_aMPDk2zw,codebasics,27,2023-08-22T13:30:12Z
10 Points To Focus To Create Financial Success - Age Group 35 To 45,1ovmnC1aU2Q,NRI Money Clinic,27,2023-11-17T13:36:30Z
"How to Get Good at Small Talk, and Even Enjoy It",IRG-YubP1rw,Harvard Business Review,22,2023-10-05T19:00:16Z
How much money does this TOP Influencer make in India?,86TU0NRAsMo,Wint Wealth,24,2023-11-25T02:36:13Z
The Hidden Risk of Market Timing,h9-4gX_0fRQ,Vishal Khandelwal,22,2023-11-21T14:30:03Z
Galatta Plus Mega Tamil Roundtable 2023 | Subtitled | Mani Ratnam | Vetrimaaran | Maari Selvaraj,Iq8pzMIUaOM,Galatta Plus,24,2023-11-18T16:03:39Z
The Archies | Zoya Akhtar | Official Trailer | 7th December | Netflix India,Xgm3d_whwH4,Netflix India,24,2023-11-09T05:30:00Z
How I offended a Girl on Bumble | Stand up comedy Ft. Anand Rathnam,KMA7SkaoqbM,Anand,23,2022-05-20T12:32:38Z
This Is How Huawei Shocked America With a Smartphone,08myo1UdTZ8,Bloomberg Originals,25,2023-11-17T09:00:01Z
"Atlee EXCLUSIVE | à®¨à®¾à®©à¯ à®ªà®Ÿà¯à®Ÿ à®•à®·à¯à®Ÿà®®à¯, à®¯à®¾à®°à¯à®®à¯‡ à®ªà®¾à®•à¯à®• à®•à¯‚à®Ÿà®¾à®¤à¯ | Gobinath",UVs7MGZcGf8,Gobinath,22,2023-11-10T08:30:12Z
Uraiyaadal and Stuffâ€¦ | Gautham Vasudev Menon with Karthi,JnIHBP13_XU,Ondraga Entertainment,1,2023-11-10T05:55:34Z
Harris Jayaraj #Rockonharris Concert Chennai 2023,iivZvZSwTX8,Mr.Introvert,24,2023-10-28T12:21:54Z
The Fall Guy | Official Trailer,j7jPnwVGdZ8,Universal Pictures,24,2023-11-02T14:59:31Z
Amazon Great Indian Festival | Passing The Parcel | Delivery Superheroes,GRWP2_lr0nQ,Amazon News India,22,2023-10-31T08:00:41Z
Stoic Advice If You Feel Trapped In Life,8sm0zTkK7BI,Daily Stoic,27,2023-10-31T17:42:42Z
The Rise Of Thalapathy Vijay:  How the Tamil Superstar Conquered Kerala! | Video Essay by Vishal,2nbM1SlAMNc,Film Companion South,24,2023-10-30T14:30:00Z
ğŸ§ŠğŸ”¥LEO à®‰à®£à¯à®®à¯ˆà®¯à®¾à®µà¯‡ Lokesh-à®©à¯ 100% à®ªà®Ÿà®®à®¾? - Critic's Analysis | Abishek Raaja | Ramesh Bala | Sudhir,AQCRg-FlfGY,Rednool,24,2023-10-22T04:30:12Z
"Thalapathy 68 Pada Poojai | Thalapathy Vijay, Venkat Prabhu, Yuvan Shankar Raja | AGS Entertainment",wcP-W5w6ELY,AGS Entertainment,1,2023-10-24T07:23:46Z
Tata Safari & Harrier 2024 First Impressions | MotorInc First S01E15,GGKrcoh6aso,MotorInc,2,2023-10-24T04:00:07Z
LEO Movie Review By Baradwaj Rangan | Thalapathy Vijay | Lokesh Kanagaraj | Anirudh Ravichander,eXV8QL9F1OU,Galatta Plus,24,2023-10-19T12:00:28Z
Sudhir Srinivasan's The Late Review | Leo | Vijay | Trisha | Lokesh Kanagaraj,Narx9MV3Hwo,Cinema Express,24,2023-10-21T11:32:54Z
"Maya Maya (video song) - Irugapatru | Vikram Prabhu, Shraddha Srinath | Justin | Yuvaraj | 4K",p7JPSd81TMM,Potential Studios,1,2023-10-14T11:32:03Z
Speedrun Your Tech Promotion,k65UW0gjsgU,A Life Engineered,28,2023-10-07T22:00:29Z
Why Hotel Sheets Are WhiteğŸ˜·,tM7AMxArzNo,Zack D. Films,19,2023-09-21T14:30:18Z
LEO - Official Trailer | Thalapathy Vijay | Lokesh Kanagaraj | Anirudh Ravichander,Po3jStA673E,Sun TV,24,2023-10-05T13:00:12Z
How to improve GK of your child,sr7t5jQz31k,Orchids The International School,27,2020-11-25T13:30:11Z
Productivity Guilt   #SHORTS,fexwjwCGLlA,ShadÃ© Zahrai,26,2021-06-05T09:39:11Z
Anupama Visits Anirudh Ravichanderâ€™s Humble Abode | Leo | Jawan | Jailer | FC,PC_ka7mzdb8,Film Companion Studios,24,2023-09-29T14:30:07Z
Å koda Accessories - Å koda India,aDgmwISzBso,Å koda India,2,2023-09-29T10:34:11Z
Argylle | Official Trailer,7mgu9mNZ8Hk,Universal Pictures,24,2023-09-28T07:01:07Z
Kannur Squad Official Trailer | Mammootty | Roby Varghese Raj | Sushin Shyam | Mammootty Kampany,j7uWUMd_ItE,Mammootty Kampany,24,2023-09-07T12:30:09Z
Mission Raniganj: The Great Bharat Rescue | Official Trailer | Akshay Kumar | In Cinemas 6th October,QFf91hnpClI,Pooja Entertainment,24,2023-09-25T08:35:42Z
Players X Say it rightâ¤ï¸â€ğŸ”¥ #shortsvideo #youtubeshorts #dance #trendingonshorts,hALXvDjtg68,The Shukla Sisters,22,2023-04-09T14:19:26Z
"SKODA VW DUAL TONE TRUMPET HORN | GENUINE ACCESSORY | FOR KUSHAQ, SLAVIA & RAPID",GkWUMGWKhEE,MUNDODI VLOGS,2,2023-09-10T08:59:28Z
Honda Elevate First Impressions | MotorInc First S01E09,cRXntFKO6Ro,MotorInc,2,2023-09-14T04:00:13Z
Inside The World of Atlee | Jawan | SRK | Anupama Chopra,QgpYqC5798U,Film Companion Studios,24,2023-09-23T14:30:08Z
How I Broke Out of My Shell ğŸ˜¬,pOSKNpes_5Q,Vinh Giang,24,2023-09-22T15:00:01Z
"Irugapatru Official Trailer - Vikram Prabhu, Shraddha Srinath | Justin | Yuvaraj | In theatres Oct 6",x82MBPDCOmU,Potential Studios,1,2023-09-21T11:30:16Z
All you need to know about the all-new Nexon.ev!,6kON8QrF9Rg,TATAev,28,2023-09-10T05:55:20Z
JAILER -Rathamaarey Lyric Video| Superstar Rajinikanth| Sun Pictures| Anirudh| Nelson| Vishal Mishra,m_gdEzlxKsg,Sun TV,24,2023-08-05T12:31:23Z
JAWAN: NOT a Review [No Spoilers] | Shah Rukh Khan | Atlee | Anirudh,5sypss4zpmE,Raunaq Mangottil,22,2023-09-07T13:31:48Z
Simple (But BRUTAL) Truth about Money,6YP6dWfDyjo,Wint Wealth,24,2023-09-02T06:24:29Z
iPhone vs Android (The Real Winner)!,nHkKJ87FS6s,Marques Brownlee,28,2023-09-01T14:54:10Z
How to be a Great Leader #themotivationexpres,kqxLE-nYTcU,The Motivation Class,22,2023-05-22T23:29:28Z
Comfort Zone vs Stable Job | Don't Give Yourself Excuses | Career Talk With Anand,cZhSvyAzkwM,Career Talk,27,2023-08-28T13:15:08Z
4 Hacks to Appear â€˜Smarterâ€™ at Work and Elevate your Credibility - Business Communication 101,fS8--o5n8os,ShadÃ© Zahrai,26,2020-10-30T06:19:30Z
Why You Struggle to ARTICULATE Your THOUGHTS Clearly. 5 TRUTHS!,QdvjYA2WPcQ,Kara Ronin,27,2023-06-06T12:00:31Z
"""Dating with my Dad & Brother"" Ariel's last option",zK8IR2K-m1Q,Highring,22,2022-10-26T06:48:26Z
You won't believe what my wife told me after 25 years of marriage ğŸ¤£ #shorts #funnyjokes,8fD9Ph38Nss,The Debate Den,22,2023-04-08T23:13:10Z
The Coolest Car Gadget Ever!,BaGI9u3dVKE,Beebom,28,2023-07-30T10:38:00Z
8 Iconic Tamil Director Comebacks We Are All Waiting For | @RaunaqMangottill,ZB2cbqIkbH4,Fully Filmy Tamil,1,2023-08-24T13:43:58Z
What The Different LED Colors Mean on AirPods Cases!,NIzM9ki306M,Nathan Lemoine,28,2022-11-01T23:00:10Z
JAILER MOVIE REVIEW BY SURESH KUMAR,BYqAIUUAj_w,THE STAGER TELEVISION,24,2023-08-13T22:00:06Z
New Skoda /how to install puddle lamp skoda logo,St79Q-fIcWk,md akram  car technical support ,22,2023-07-14T10:57:06Z
How I Became Articulate With My Speaking (5 Secrets),zhjYbGcByaY,Joseph Tsar,27,2023-06-05T21:11:31Z
7 Awesome Home Decor Gadgets for 2023!,QFfzuD4uqLY,Beebom,28,2023-08-18T13:38:43Z
Watch This If You Hate Small Talk,m1yh5AeZ4XM,Vinh Giang,24,2023-07-31T13:54:49Z
How to break out of your shell more,U7SnKsuvA9E,Vinh Giang,24,2023-02-16T10:00:30Z
Going Well!,uaKkVN25JkA,AiyyoShraddha,23,2023-08-17T13:12:04Z
What If I Can't Handle The Pressure?,24zp6pabmrk,A Life Engineered,28,2023-08-14T16:00:01Z
SRK's Honest views on Privacy ğŸ’«ğŸ“¸,eEc1_HJWOxM,Learn with Jaspal,22,2023-08-06T15:55:52Z
"Shaquille Oâ€™ Neal spent $70,000 at Walmart",jOSVGsqLRGQ,BoBosephus,24,2023-05-08T13:28:08Z
When Sundar Pichai went for Interview at Google  #shorts #viral #trending,nh05_udG80s,Motivex,22,2023-05-01T12:19:57Z
4000/-Rs Cinema Tickets | Indiaâ€™s Luxurious Theatre PVR Directors cut | Bangalore,WMm5BQ8LCa8,The D Square Vlogs,22,2023-08-12T16:30:42Z
The final Round,SZpSxRdTZB4,AiyyoShraddha,23,2023-08-10T06:45:04Z
Director Nelson's Speech | Jailer Audio Launch,RmSBsysNr1g,Sun TV,24,2023-08-08T08:29:25Z
How Dwayne Johnson Got The Name â€˜The Rockâ€™,hnW4PjCgAPc,The Celeb Way,24,2022-07-06T17:00:32Z
"""Anything can be turned into Music"" - Charlie Puth",zl3Acv5zdUI,Motive Faz,22,2022-11-20T15:36:04Z
Gallagher Explains Pronunciation | Stand-Up | The New Smothers Brothers Comedy Hour,Qxohw-X4wDM,The Smothers Brothers,23,2023-06-30T19:00:20Z
A day at Hyderabad Office!,ne3o9KErp34,Amazon News India,22,2023-08-09T11:25:42Z
This is EPIC ğŸ˜‚,c0AOEQAvZWk,SportsNation,17,2022-04-19T18:00:12Z
Guess Who's Here?! | Galatta Plus Family,6XLveBpKkyc,Galatta Plus,24,2023-08-08T12:30:10Z
Kaavaalaa - Jailer First Single PROMO | Superstar Rajinikanth | Sun Pictures | Nelson | Anirudh,7qzRkFqVl3k,Sun TV,24,2023-07-03T13:29:50Z
Amazon Blr 22,FIWWv8NyC_E,Amazon News India,22,2023-06-16T13:47:54Z
Oppenheimer Movie Review By Baradwaj Rangan | Cillian Murphy | Robert Downey Jr | Christopher Nolan,VP54rDWIDSs,Galatta Plus,24,2023-07-21T10:00:31Z
All India Meeting 2023,VweiB9QVoPM,Amazon News India,22,2023-08-04T07:32:53Z
Kia Seltos First Drive Impressions,5LFEdlShUM0,MotorInc,2,2023-08-03T04:15:00Z
JAILER - Official ShowCase | Superstar Rajinikanth | Sun Pictures | Anirudh | Nelson,Y5BeWdODPqo,Sun TV,24,2023-08-02T12:30:01Z
CHENNAI AIRPORT - NEW INTEGRATED TERMINAL | Airport Experience,BuVNf2YEkAg,Aerowanderer,2,2023-07-29T13:49:41Z
LGM - Let's Get Married | Trailer | Dhoni Entertainment | Harish Kalyan | Ivana | Nadiya,Hs3IuwWrDgg,Dhoni Entertainment Official,28,2023-07-10T13:30:48Z
How Much Money Do You Need To Retire Early?,_BhZqJdsaXU,Wint Wealth,24,2023-07-23T12:13:12Z
Erimalayin Magale - Music Video | 4K HDR | Ondraga | Jerard Felix | Sid Sriram | Madhan Karky | GVM,_tp8Ot_niKU,Ondraga Entertainment,1,2023-07-21T12:30:37Z
Explore the work day at Amazon Hyderabad Office | #LifeAtAmazon,nTuF9c07K_M,Amazon News India,22,2023-07-22T11:16:57Z
The Making of The Harley-Davidson X440,aNkNzKcw2Ro,Harley-Davidson India,2,2023-07-12T14:01:34Z
SÌŒkoda Wedding Planner ad. Kushaq,vcwXDPWbQk8,Steve Priya,24,2023-07-21T04:39:27Z
Å koda. Let's Explore.,swutEAIwP5c,Å koda India,2,2023-07-19T23:06:40Z
Harley-Davidson X440 Launched At â‚¹2.29 lakh: A Threat to Royal Enfield Classic 350? | PowerDrift,sDR-kj-B0FQ,PowerDrift,2,2023-07-05T05:25:01Z
Hyundai Verna vs Skoda Slavia | Manual Drag Race | 1.5 turbo-petrol | evo India,HXYZKSnszAk,evo India,2,2023-07-09T06:30:04Z
Triumph Speed 400 prototype ridden! New single-cylinder naked tested in the UK | MCN Review,mVlf9B__Xc0,MCN - Motorcyclenews.com,2,2023-07-17T17:30:04Z
The Hyundai Exter is going to set sales records | Review | PowerDrift,vwJMjubVknk,PowerDrift,2,2023-07-17T05:31:13Z
Triumph Speed 400 : Motorcycle Of The Year : PowerDrift,QvoFNiscgq4,PowerDrift,2,2023-07-14T11:30:14Z
All Colours Of The Triumph Speed 400! #mbsquad #bajajtriumph,stXCalYpjgw,MotorBeam,2,2023-07-10T07:46:26Z
iOS 17 Hands-On: Top 5 Features!,5LWDl5qaQbA,Marques Brownlee,28,2023-07-14T16:39:30Z
Approaching tough career conversations as a manager,3U9b-puLlXc,Shreyas Doshi,28,2023-06-30T18:02:13Z
Invest time and energy to upskill,vBXD0mS0z_E,Shreyas Doshi,28,2023-05-29T01:34:58Z
BLUE BEETLE | OFFICIAL FINAL TRAILER,4wxyy8Rcz4k,DC,1,2023-07-11T20:00:01Z
8 Questions after #Jawan Prevue | Shah Rukh Khan | Atlee | Deepika Padukone | Anirudh,O-PlLs1D0LQ,Raunaq Mangottil,22,2023-07-11T15:34:55Z
Slavia Lava Blue Edition,p5MpkX3Jemo,Å koda India,2,2023-07-08T10:03:54Z
Amazon India's Secret Plan ğŸ˜®,nZcBBo4sCJ4,Backstage with Millionaires,22,2023-07-04T12:46:23Z
Why Google picked Gujarat? ğŸ˜®,QeOoVbiBoig,Backstage with Millionaires,22,2023-07-03T13:11:04Z
Riots in Paris After Teen Murdered by Police | Vantage with Palki Sharma,cMouYyMMtZw,Firstpost,25,2023-06-28T17:15:01Z
Your Personal Brand: when to build and how to go about it,2ooZlHNM6zU,Shreyas Doshi,28,2023-06-19T21:57:56Z
"At the Å koda Single Wicket event, the Kushaq Monte Carlo continued to make heads turn like always!",g3u-IpGsC0Y,Å koda India,2,2023-06-26T11:34:44Z
AirPods Pro 2: Why is everybody praising these,oHOwfAcNG2c,The Verge,28,2022-09-28T14:00:22Z
Sean Roldan Interview With Baradwaj Rangan | Conversation | #modernlovechennai | #uravu | Subtitled,9ng4hUlG1tk,Galatta Plus,24,2023-06-12T12:30:05Z
No Hard Feelings - Final Trailer | In Cinemas June 23rd,m6RErsGPAIk,Sony Pictures India,24,2023-06-09T14:08:25Z
Take Beautiful Portrait Photos With iPhone Portrait Mode,x8-v5ArASDU,iPhone Photography School,26,2022-01-21T14:29:15Z
Coorg Travel Guide | Places To Visit in Coorg | Budget Travel | Rentals | A-Z Details | Xplainer,Lzxhu-eeUTI,Xplore The Earth,19,2022-10-11T14:00:12Z
RAZR+ Impressions: Is This What You Wanted?,8om1eJrO2lU,Marques Brownlee,28,2023-06-01T18:00:42Z
"How To Really Tell If A Car Is Safe Or Not? (Car Myths, Ft. VW Taigun)",y-GAcC5Tubk,MotorInc,2,2023-05-28T11:30:51Z
Life of Pazham - Video Song | Thiruchitrambalam | Dhanush | Anirudh | Sun Music,g4KADSMQDL8,Sun Music,24,2023-05-14T12:30:19Z
Jingrudha Dhanga | Music Video | Modern Love Chennai | Sean Roldan | Prime Video India,nRXktf-5R60,Prime Video India,24,2023-05-15T10:30:21Z
EP 4: Margazhi  - Modern Love Chennai Series Review By Baradwaj Rangan | Akshay Sundher,jS_N-HFDQZI,Galatta Plus,24,2023-05-17T19:30:05Z
FAST X | Official Trailer 2,aOb15GVFZxU,The Fast Saga,1,2023-04-19T21:00:53Z
Return of Thiagarajan Kumararaja: #ModernLoveChennai episode Honest Thoughts | @RaunaqMangottill,eA75m2g4Nzk,Fully Filmy Tamil,1,2023-05-17T15:30:25Z
EP 6: Ninaivo Oru Paravai - Modern Love Chennai Series Review By Baradwaj Rangan,sM6d2XO9Yik,Galatta Plus,24,2023-05-17T20:00:24Z
"Coorg Wilderness Resort Staycation Vlog, Luxury resorts in Coorg, Infinity Pool resort",kDP_mqKxagM,Travel With Pinkpebble (Sandhya Majji),19,2022-05-03T12:30:21Z
Rahul Subramanian | Crowd work Special | Deleted Scenes 2 | Amazon Prime Video,7dRjFxqCCQk,Random Chikibum,23,2023-05-04T05:30:10Z
Google's Pixel Phone For India: 1 Major Problem!,o7ImPG2a61Q,TechWiser,28,2023-05-13T08:34:51Z
Pixel 7a: Google Fixed It!,lUDozITit6w,Beebom,28,2023-05-10T19:00:16Z
Google Pixel Fold: Samsung finally has competition,QnPMPvVCm8M,The Verge,28,2023-05-10T18:49:36Z
Google I/O 2023 keynote in 16 minutes,XL1w7f5o80A,The Verge,28,2023-05-10T20:57:17Z
Triple Ownership Report: Kushaq v/s HyRyder v/s Seltos !,Zu9N-d6KC_o,KKC On A-Motive,2,2023-05-07T08:37:04Z
Amazon's Costliest Indian Show to Hollywood's Biggest Idiots | BEST OF APRIL '23,5I7tztTdDFY,Raunaq Mangottil,22,2023-05-02T07:06:30Z
Underrated.,fZYlNky6AsM,AiyyoShraddha,27,2023-05-04T07:22:22Z
Stage 2 Skoda Karoq TSI: The baby VRS SUV that makes 210HP! | Autoculture,J9sSxmemzWU,The Drivers Hub,2,2023-05-01T16:30:07Z
Ponniyin Selvan 2 MOVIE REVIEW ğŸ”¥ğŸ”¥l à®ªà®¾à®°à¯à®¤à¯à®¤à¯‡à®©à¯ à®°à®šà®¿à®¤à¯à®¤à¯‡à®©à¯ l à®ªà¯Šà®©à¯à®©à®¿à®¯à®¿à®©à¯ à®šà¯†à®²à¯à®µà®©à¯ l PS - 2 | Mani Ratnam,JQ_Mqhu2Q5A,G Gnanasambandan,22,2023-04-30T07:28:48Z
Skoda Kushaq 1.0L Automatic | Best in Ride & Handling.? | Tamil Review | Chakkaram,ffrtV0I3PUk,Chakkaram - Cars n Bikes,2,2023-04-29T11:30:23Z
Mani Ratnam and AR Rahman Interview With Baradwaj Rangan | Conversation | #ponniyinselvan2,6DME5Ys4Rp0,Galatta Plus,24,2023-04-22T14:48:51Z
Ponniyin Selvan Making | Uruvaana Vidham - Full Show | Mani Ratnam | Sun TV,lvhORXpDga0,Sun TV,24,2023-04-18T08:46:02Z
Hyundai Verna vs Volkswagen Virtus GT | Double Trouble | PowerDrift,onrCctMTjZw,PowerDrift,2,2023-04-27T11:10:09Z
Mani Ratnam Interview with Sudhir Srinivasan | Ponniyin Selvan 2 | PS2 | Vikram | Karthi | JayamRavi,h7hfLTjuKrg,Cinema Express,24,2023-04-25T14:41:00Z
I Went To The First Apple Store In India - Apple BKC,3VwJwG8ymTg,iGyaan,28,2023-04-17T10:41:49Z
Risks of Large Language Models (LLM),r4kButlDLUc,IBM Technology,27,2023-04-14T11:00:38Z
Things NO ONE Tells You About Owning a Luxury Car,Npm84OIY7VQ,Wint Wealth,24,2023-03-25T14:16:59Z
Safety Virtual Conference 2023,B3a_m9MJb58,Å koda India,2,2023-04-05T07:47:07Z
Buying 2023 Skoda Kodiaq on Wedding Anniversary | Special Color | Coimbatore | Walkaround & Driving,vf89kC8rCD4,BMC HD Videos,2,2023-04-12T06:10:12Z
Nothing Ear (2) Review: Worth The Price?,Bnsbbzkct58,Beebom,28,2023-03-22T15:17:57Z
MotoWagon Car Of The Year 2022 - WINNER | MCOTY | MotoFam's Choice | MotoWagon.,hMLku6Rz0ck,MotoWagon,2,2023-04-09T06:30:10Z
Experience the ultimate cricket viewing party at @lordofthedrinkschennai ! With multiple screens,0qsyhWphX1s,Chennai Night Life,24,2023-04-06T14:57:07Z
Suzuki Baleno RS: Is it better than the Polo TSI and the i20 N-Line? | Autoculture,_XPX5X-Wuzs,The Drivers Hub,2,2023-03-06T15:30:10Z
Hyundai Verna 2023: One Clever Masterstroke!,RiaoCDOhudM,Beebom,2,2023-03-30T05:30:05Z
STORY behind Skoda Kushaq Onyx | Employeeâ€™s revenge | 12.39 LACS,AGPpWRKvhSQ,Sunderdeep Singh,2,2023-03-29T14:44:48Z
"Maruti Suzuki Grand Vitara - From snow, sand to sea on a tank of fuel | Feature | Autocar India",L19O1dcMTKs,Autocar India,2,2023-03-25T12:30:15Z
Will ChatGPT take our Jobs? Our jobs at risk? (Tamil),Ovw4RThb-jQ,Gana Natarajan,28,2023-03-05T09:07:58Z
The Crew Behind #LEO | Thalapathy Vijay | Lokesh Kanagaraj | Anirudh Ravichander,2GTgpcl5PXs,Sun TV,24,2023-03-23T12:30:01Z
2023 Tata Harrier and Safari | Driven by AI | PowerDrift,UtVOSjZX4Jk,PowerDrift,2,2023-03-17T12:35:52Z
India's Most Powerful VW Taigun 1.0 TSI Stage 2 on the Dyno! (Stock Turbo) | Project Taigun,7-g6qNpoWBY,The Drivers Hub,2,2023-03-17T15:30:01Z
Gaslight | Official Trailer | Sara Ali Khan | Vikrant Massey | Chitrangada Singh,bA00GJQbS1s,JioHotstar,22,2023-03-14T08:43:17Z
NO HARD FEELINGS â€“ Official Red Band Trailer (HD),P15S6ND8kbQ,Sony Pictures Entertainment,24,2023-03-09T15:00:06Z
Did Samsung just beat Apple?,xmakj1LwuYs,TechWiser,28,2023-03-06T12:03:40Z
Mahindra Scorpio N Review | Is it Really a Scorpio?!,OaTtg1SY-Eo,Raspreet Gill,2,2023-03-03T16:38:55Z
Nirangal Moondru - Official Trailer | Atharvaa | Sarath Kumar | Rahman | Karthick Naren | Ayngaran,cWxRqFy6DhE,Ayngaran,1,2023-03-03T13:03:03Z
Drag Race: Ather 450X vs Ola S1 Pro - Fast and fun electric scooters meet | Autocar India,Gi1JRhywstE,Autocar India,2,2023-02-28T11:32:24Z
LOVE AGAIN - Official Trailer (HD),CQDXtD2HJAs,Sony Pictures Entertainment,1,2023-02-14T17:00:15Z
Love Again - Official Trailer | Priyanka Chopra & Sam Heughan | In Cinemas May 12th,iaKLF_Muxac,Sony Pictures India,24,2023-02-14T17:03:49Z
SKODA KUSHAQ 1.0 STAGE 1 TUNEDğŸ”¥INDIA'S FIRST #230/365 #share #viralvideo #best #viral #skoda#kushaq,VPfgsgFcCmE,ARAV SETHI,2,2023-02-17T14:10:30Z
Dhanush Speech | Vaathi - Audio Launch | Best Moments | Dhanush | Sun TV,xuYXUTsarMU,Sun TV,24,2023-02-13T07:49:04Z
"Dhanush & Swetha Mohan's ""Vaa Vaathi"" Performance | Vaathi - Audio Launch | Best Moments | Sun TV",byUbhCt952U,Sun TV,24,2023-02-13T09:17:11Z
The Flash â€“ Official Trailer,9vwaD9cHLNw,DC,1,2023-02-12T23:00:36Z
Valai Pechu | à®šà¯à®¤à®¾à®•à¯Šà®™à¯à®•à®°à®¾ à®ªà®Ÿà®¤à¯à®¤à®¿à®²à¯ à®µà®¿à®œà®¯à¯ à®®à®•à®©à¯ à®¹à¯€à®°à¯‹? | 2027 | 11th Feb 2023,SQl1xxXiGIU,Valai Pechu,24,2023-02-11T10:39:23Z
Cultural Day â€œUTSAHAMâ€ 2023 Gr 3 to 5,sRVDEVqjWDg,NPS INTERNATIONAL CHENNAI,22,2023-02-16T04:59:51Z
Why Microsoftâ€™s CEO is ready to take on Google with ChatGPT,QinFy0RFDr8,The Verge,28,2023-02-08T00:02:53Z
5 Savings Tricks (à®¤à®®à®¿à®´à¯),6kNbG5m5q9c,Investment Insights Tamil,27,2023-02-04T13:00:03Z
Pathaan Movie Review By Baradwaj Rangan | Shah Rukh Khan | Deepika Padukone | John Abraham,binwXATy2Pk,Galatta Plus,24,2023-02-02T08:36:10Z
